Source,Target,Airline
CDG,JFK,AAL
JFK,CDG,AAL
ORY,LHR,IBE
ORY,LHR,BAW
OPO,LIS,TAP
GKA,MAG,TOK
GKA,HGU,TOK
GKA,LAE,TOK
GKA,POM,TOK
GKA,POM,ANG
MAG,GKA,TOK
MAG,HGU,TOK
MAG,LAE,TOK
MAG,POM,ANG
MAG,WWK,TOK
MAG,WWK,ANG
MAG,MAS,ANG
MAG,VAI,ANG
HGU,GKA,TOK
HGU,MAG,TOK
HGU,LAE,TOK
HGU,POM,TOK
HGU,POM,ANG
HGU,WWK,TOK
HGU,WWK,ANG
HGU,MXH,TOK
HGU,TIZ,TOK
HGU,TBG,TOK
LAE,GKA,TOK
LAE,MAG,TOK
LAE,HGU,TOK
LAE,POM,TOK
LAE,POM,ANG
LAE,DAU,TOK
LAE,PNP,TOK
LAE,HKN,TOK
LAE,HKN,ANG
LAE,MAS,TOK
LAE,RAB,TOK
POM,GKA,TOK
POM,GKA,ANG
POM,MAG,ANG
POM,HGU,TOK
POM,HGU,ANG
POM,LAE,TOK
POM,LAE,ANG
POM,WWK,ANG
POM,NAN,ANG
POM,NRT,ANG
POM,MNL,ANG
POM,HKG,ANG
POM,SIN,ANG
POM,BNE,TOK
POM,BNE,ANG
POM,BNE,QFA
POM,BNE,VOZ
POM,CNS,ANG
POM,CNS,QFA
POM,SYD,ANG
POM,SYD,QFA
POM,DPS,ANG
POM,HIR,ANG
POM,CEB,ANG
POM,BUA,ANG
POM,CMU,ANG
POM,DAU,TOK
POM,DAU,ANG
POM,GUR,TOK
POM,GUR,ANG
POM,PNP,TOK
POM,PNP,ANG
POM,HKN,TOK
POM,HKN,ANG
POM,UNG,TOK
POM,UNG,ANG
POM,KVG,ANG
POM,MDU,ANG
POM,MAS,ANG
POM,MXH,TOK
POM,TIZ,TOK
POM,TIZ,ANG
POM,TBG,TOK
POM,TBG,ANG
POM,RAB,TOK
POM,RAB,ANG
POM,VAI,ANG
POM,WBM,ANG
POM,LNV,TOK
POM,LNV,ANG
POM,TFI,TOK
WWK,MAG,TOK
WWK,MAG,ANG
WWK,HGU,TOK
WWK,HGU,ANG
WWK,POM,ANG
WWK,VAI,ANG
UAK,GOH,GRL
UAK,SFJ,GRL
UAK,JFR,GRL
UAK,JJU,GRL
UAK,JNS,GRL
GOH,UAK,GRL
GOH,SFJ,GRL
GOH,KEF,GRL
GOH,RKV,FXI
GOH,JAV,GRL
GOH,KUS,GRL
GOH,JFR,GRL
GOH,JSU,GRL
GOH,JHS,GRL
SFJ,UAK,GRL
SFJ,GOH,GRL
SFJ,CPH,GRL
SFJ,JAV,GRL
SFJ,JEG,GRL
SFJ,KUS,GRL
SFJ,JSU,GRL
SFJ,JHS,GRL
THU,NAQ,GRL
AEY,RKV,FXI
EGS,RKV,FXI
IFJ,RKV,FXI
KEF,GOH,GRL
KEF,YEG,ICE
KEF,YYZ,ICE
KEF,BRU,ICE
KEF,SXF,BMI
KEF,FRA,ICE
KEF,MUC,ICE
KEF,HEL,FIN
KEF,HEL,ICE
KEF,MAN,ICE
KEF,MAN,EZY
KEF,BRS,EZY
KEF,LTN,EZY
KEF,LGW,ICE
KEF,LGW,BMI
KEF,LHR,ICE
KEF,GLA,ICE
KEF,EDI,EZY
KEF,AMS,ICE
KEF,BLL,ICE
KEF,CPH,ICE
KEF,CPH,BMI
KEF,BGO,NAX
KEF,BGO,ICE
KEF,OSL,NAX
KEF,OSL,ICE
KEF,OSL,SAS
KEF,ARN,ICE
KEF,ALC,BMI
KEF,CDG,ICE
KEF,CDG,BMI
KEF,ZRH,ICE
KEF,BOS,ICE
KEF,EWR,ICE
KEF,SEA,ICE
KEF,IAD,ICE
KEF,DEN,ICE
KEF,JFK,ICE
KEF,BSL,EZY
KEF,SFB,ICE
RKV,GOH,FXI
RKV,AEY,FXI
RKV,EGS,FXI
RKV,IFJ,FXI
RKV,KUS,FXI
YAM,YQT,BLS
YAM,YSB,BLS
YAM,YTZ,POE
YAM,YYZ,ACA
YBC,YQB,NAK
YBC,YUL,ACA
YBC,YYY,ACA
YBC,YYY,NAK
YBG,YUL,ACA
YBK,YRT,FAB
YBK,YRT,AUH
YBK,YUT,FAB
YBK,YCS,MPE
YBK,YCS,AUH
YBK,YXN,MPE
YBL,YQQ,PCO
YBL,YQQ,ACA
YBL,YVR,PCO
YBL,ZEL,PCO
YBR,YYC,WJA
YCB,YCO,MPE
YCB,YCO,FAB
YCB,YHK,FAB
YCB,YYH,MPE
YCB,YZF,MPE
YCB,YZF,FAB
YCD,YVR,ACA
YCD,YYC,WJA
YCG,YVR,ACA
YCG,YYC,ACA
YCO,YCB,MPE
YCO,YCB,FAB
YCO,YHI,FAB
YCO,YZF,MPE
YCO,YZF,FAB
YCY,YFB,MPE
YCY,YFB,FAB
YCY,YIO,MPE
YCY,YIO,FAB
YZS,YRT,MPE
YZS,YRT,AUH
YZS,YTE,FAB
YZS,YUT,MPE
YZS,YUT,AUH
YZS,YCS,FAB
YDF,YHZ,ACA
YDF,YYR,ACA
YDF,YYT,ACA
YDF,YYZ,ACA
YDF,YYZ,WJA
YEG,KEF,ICE
YEG,YHM,WJA
YEG,YHY,PLR
YEG,YLW,WJA
YEG,YMM,ACA
YEG,YMM,PLR
YEG,YMM,KLM
YEG,YMM,WJA
YEG,YOW,ACA
YEG,YOW,WJA
YEG,YQQ,WJA
YEG,YQR,ACA
YEG,YQR,WJA
YEG,YQU,ACA
YEG,YQU,WJA
YEG,YSM,PLR
YEG,YUL,ACA
YEG,YUL,WJA
YEG,YVR,ACA
YEG,YVR,JAL
YEG,YVR,WJA
YEG,YWG,ACA
YEG,YWG,KLM
YEG,YWG,WJA
YEG,YXE,ACA
YEG,YXE,WJA
YEG,YXX,WJA
YEG,YXY,ANT
YEG,YYC,ACA
YEG,YYC,WJA
YEG,YYJ,WJA
YEG,YYZ,ACA
YEG,YYZ,WJA
YEG,YZF,MPE
YEG,YZF,FAB
YEG,YZF,ACA
YEG,YZF,JAL
YEG,YZF,WJA
YEG,LHR,ACA
YEG,LHR,DLH
YEG,PVR,WJA
YEG,CUN,WJA
YEG,PHX,AAL
YEG,PHX,USA
YEG,PHX,WJA
YEG,SFO,ACA
YEG,SFO,UAL
YEG,LAX,AAL
YEG,LAX,DAL
YEG,LAX,WJA
YEG,EWR,ACA
YEG,EWR,UAL
YEG,IAH,ACA
YEG,IAH,UAL
YEG,SEA,ASA
YEG,DFW,AAL
YEG,DEN,ACA
YEG,DEN,UAL
YEG,ORD,ACA
YEG,ORD,UAL
YEG,PSP,WJA
YEG,MSP,DAL
YEG,LAS,AAL
YEG,LAS,WJA
YEK,YRT,FAB
YEK,YRT,AUH
YEK,YYQ,MPE
YEK,YYQ,AUH
YEK,YXN,MPE
YEK,YXN,FAB
YEK,YXN,AUH
YEV,YVQ,MPE
YEV,YVQ,FAB
YEV,YGH,FHE
YFB,YCY,MPE
YFB,YCY,FAB
YFB,YOW,MPE
YFB,YOW,FAB
YFB,YRT,MPE
YFB,YRT,FAB
YFB,YRT,AUH
YFB,YTE,MPE
YFB,YTE,FAB
YFB,YUX,MPE
YFB,YUX,FAB
YFB,YVP,FAB
YFB,YXP,MPE
YFB,YXP,FAB
YFB,YGT,MPE
YFB,YGT,FAB
YFB,YLC,FAB
YFB,YAB,FAB
YFC,YHZ,ACA
YFC,YOW,ACA
YFC,YUL,ACA
YFC,YYZ,ACA
YFO,YTH,AUH
YFO,YWG,AUH
YFO,YQD,BLS
YFO,YQD,AUH
YFS,YZF,FAB
YGK,YYZ,ACA
YGP,YGR,ACA
YGP,YQB,ACA
YGR,YGP,ACA
YHD,YQK,BLS
YHD,YQT,BLS
YHD,YXL,BLS
YHD,YRL,BLS
YHI,YCO,FAB
YHK,YCB,FAB
YHK,YYH,MPE
YHK,YYH,FAB
YHK,YZF,MPE
YHM,YEG,WJA
YHM,YHZ,WJA
YHM,YQM,WJA
YHM,YYC,WJA
YHY,YEG,PLR
YHY,YSM,PLR
YHY,YZF,FAB
YHZ,YDF,ACA
YHZ,YFC,ACA
YHZ,YHM,WJA
YHZ,YOW,ACA
YHZ,YOW,POE
YHZ,YOW,WJA
YHZ,YQM,ACA
YHZ,YQX,ACA
YHZ,YQY,ACA
YHZ,YSJ,ACA
YHZ,YUL,ACA
YHZ,YUL,POE
YHZ,YYC,WJA
YHZ,YYG,ACA
YHZ,YYR,ACA
YHZ,YYT,ACA
YHZ,YYT,KLM
YHZ,YYT,POE
YHZ,YYT,WJA
YHZ,YYZ,ACA
YHZ,YYZ,KLM
YHZ,YYZ,WJA
YHZ,FRA,CFG
YHZ,LHR,ACA
YHZ,LHR,DLH
YHZ,FSP,SPM
YHZ,PUJ,WJA
YHZ,MBJ,WJA
YHZ,CUN,WJA
YHZ,BOS,ACA
YHZ,BOS,UAL
YHZ,EWR,UAL
YHZ,DCA,AAL
YHZ,DCA,USA
YHZ,LGA,DAL
YHZ,LGA,WJA
YHZ,PHL,AAL
YHZ,PHL,USA
YHZ,ORD,ACA
YHZ,ORD,UAL
YHZ,MCO,TSC
YHZ,MCO,WJA
YIO,YCY,MPE
YIO,YCY,FAB
YIO,YGT,MPE
YKA,YVR,ACA
YKA,YYC,ACA
YKA,YYC,WJA
YKF,YYC,WJA
YKF,ORD,AAL
YKF,ORD,USA
YLW,YEG,WJA
YLW,YQF,PLR
YLW,YVR,ANT
YLW,YVR,ACA
YLW,YVR,WJA
YLW,YXC,PCO
YLW,YXY,ANT
YLW,YYC,ACA
YLW,YYC,WJA
YLW,YYJ,WJA
YLW,YYZ,WJA
YLW,LAX,ACA
YLW,LAX,UAL
YLW,SEA,ASA
YMM,YEG,ACA
YMM,YEG,PLR
YMM,YEG,WJA
YMM,YPY,PLR
YMM,YQF,PLR
YMM,YVR,ACA
YMM,YYC,ACA
YMM,YYC,WJA
YMM,YYZ,ACA
YMM,YYZ,WJA
YMM,DEN,ACA
YMM,DEN,UAL
YNA,YZV,NAK
YNA,YZV,WEB
YNA,YHR,WEB
YNA,ZKG,WEB
YOW,YEG,ACA
YOW,YEG,WJA
YOW,YFB,MPE
YOW,YFB,FAB
YOW,YFB,AUH
YOW,YFC,ACA
YOW,YHZ,ACA
YOW,YHZ,POE
YOW,YHZ,WJA
YOW,YQB,ACA
YOW,YQM,ACA
YOW,YQM,POE
YOW,YTZ,POE
YOW,YUL,ACA
YOW,YVR,ACA
YOW,YWG,ACA
YOW,YWG,WJA
YOW,YXU,ACA
YOW,YYC,ACA
YOW,YYC,WJA
YOW,YYT,ACA
YOW,YYT,WJA
YOW,YYZ,ACA
YOW,YYZ,KLM
YOW,YYZ,WJA
YOW,YZF,ANT
YOW,FRA,ACA
YOW,FRA,DLH
YOW,LHR,ACA
YOW,LHR,DLH
YOW,BOS,ACA
YOW,BOS,UAL
YOW,EWR,UAL
YOW,DCA,ACA
YOW,DTW,DAL
YOW,LGA,ACA
YOW,LGA,UAL
YOW,IAD,ACA
YOW,IAD,UAL
YOW,PHL,AAL
YOW,PHL,USA
YOW,ORD,ACA
YOW,ORD,UAL
YOW,CLT,AAL
YOW,CLT,USA
YPN,YZV,NAK
YPN,YGV,NAK
YPR,YVR,ACA
YPY,YMM,PLR
YPY,YSM,PLR
YQB,YBC,NAK
YQB,YGP,ACA
YQB,YOW,ACA
YQB,YTZ,POE
YQB,YUL,ACA
YQB,YUL,TSC
YQB,YYZ,ACA
YQB,YYZ,WJA
YQB,YZV,ACA
YQB,YZV,NAK
YQB,CDG,TSC
YQB,PUJ,TSC
YQB,EWR,UAL
YQB,PHL,AAL
YQB,PHL,USA
YQB,ORD,ACA
YQB,ORD,UAL
YQF,YLW,PLR
YQF,YMM,PLR
YQF,YYC,ACA
YQG,YTZ,POE
YQG,YYC,WJA
YQG,YYZ,ACA
YQK,YHD,BLS
YQK,YWG,BLS
YQK,YAG,BLS
YQL,YYC,ACA
YQM,YHM,WJA
YQM,YHZ,ACA
YQM,YOW,ACA
YQM,YOW,POE
YQM,YUL,ACA
YQM,YYZ,ACA
YQM,YYZ,WJA
YQM,EWR,UAL
YQM,MCO,TSC
YQM,MCO,WJA
YQQ,YBL,PCO
YQQ,YEG,WJA
YQQ,YVR,PCO
YQQ,YVR,ACA
YQQ,YYC,WJA
YQR,YEG,ACA
YQR,YEG,WJA
YQR,YVR,ACA
YQR,YVR,WJA
YQR,YWG,ACA
YQR,YWG,WJA
YQR,YYC,ACA
YQR,YYC,WJA
YQR,YYZ,ACA
YQR,YYZ,WJA
YQR,DEN,ACA
YQR,DEN,UAL
YQR,ORD,ACA
YQR,ORD,UAL
YQR,MSP,DAL
YQR,LAS,WJA
YQT,YAM,BLS
YQT,YTS,BLS
YQT,YTZ,POE
YQT,YWG,ACA
YQT,YWG,BLS
YQT,YWG,WJA
YQT,YXL,BLS
YQT,YYZ,ACA
YQT,YYZ,WJA
YQT,YAG,BLS
YQU,YEG,ACA
YQU,YEG,WJA
YQU,YYC,ACA
YQU,YYC,WJA
YQX,YHZ,ACA
YQX,YYR,ACA
YQX,YYT,ACA
YQY,YHZ,ACA
YQY,YYZ,ACA
YQZ,YVR,ACA
YQZ,YWL,ACA
YRB,YGZ,AAS
YRB,YAB,FAB
YRT,YBK,MPE
YRT,YBK,FAB
YRT,YBK,AUH
YRT,YZS,MPE
YRT,YZS,AUH
YRT,YEK,FAB
YRT,YEK,AUH
YRT,YEK,MPE
YRT,YFB,MPE
YRT,YFB,FAB
YRT,YTH,AUH
YRT,YUT,MPE
YRT,YUT,AUH
YRT,YWG,FAB
YRT,YWG,AUH
YRT,YYQ,MPE
YRT,YYQ,AUH
YRT,YZF,MPE
YRT,YZF,FAB
YRT,YZF,AUH
YRT,YCS,MPE
YRT,YCS,FAB
YRT,YCS,AUH
YRT,YXN,FAB
YRT,YXN,AUH
YSB,YAM,BLS
YSB,YQT,BLS
YSB,YTS,BLS
YSB,YTZ,POE
YSB,YYB,BLS
YSB,YYZ,ACA
YSJ,YHZ,ACA
YSJ,YUL,ACA
YSJ,YYZ,ACA
YSM,YEG,PLR
YSM,YHY,PLR
YSM,YPY,PLR
YSM,YZF,PLR
YTE,YZS,FAB
YTE,YFB,MPE
YTE,YFB,FAB
YTH,YFO,AUH
YTH,YWG,AUH
YTH,YYQ,MPE
YTH,YYQ,AUH
YTH,YGX,AUH
YTH,YQD,AUH
YTS,YSB,BLS
YTS,YTZ,POE
YTS,YYU,BLS
YTS,YYZ,ACA
YTZ,YAM,POE
YTZ,YOW,POE
YTZ,YQB,POE
YTZ,YQG,POE
YTZ,YQT,POE
YTZ,YSB,POE
YTZ,YTS,POE
YTZ,YUL,ACA
YTZ,YUL,POE
YTZ,BOS,POE
YTZ,EWR,POE
YTZ,MYR,POE
YTZ,IAD,POE
YTZ,MDW,POE
YUL,YBC,ACA
YUL,YBG,ACA
YUL,YEG,ACA
YUL,YEG,WJA
YUL,YFC,ACA
YUL,YHZ,ACA
YUL,YHZ,POE
YUL,YOW,ACA
YUL,YQB,ACA
YUL,YQB,TSC
YUL,YQM,ACA
YUL,YSJ,ACA
YUL,YTZ,ACA
YUL,YTZ,POE
YUL,YUY,ACA
YUL,YVO,ACA
YUL,YVP,FAB
YUL,YVR,ACA
YUL,YVR,WJA
YUL,YWG,ACA
YUL,YWG,WJA
YUL,YYC,ACA
YUL,YYC,WJA
YUL,YYG,ACA
YUL,YYT,ACA
YUL,YYY,ACA
YUL,YYZ,ACA
YUL,YYZ,DLH
YUL,YYZ,SWR
YUL,YYZ,TSC
YUL,YYZ,UAL
YUL,YYZ,WJA
YUL,YZV,ACA
YUL,ALG,DAH
YUL,TUN,STU
YUL,BRU,ACA
YUL,BRU,DLH
YUL,BRU,DAT
YUL,BRU,TSC
YUL,FRA,ACA
YUL,FRA,DLH
YUL,MUC,ACA
YUL,MUC,DLH
YUL,LGW,TSC
YUL,LHR,AAL
YUL,LHR,ACA
YUL,LHR,FIN
YUL,LHR,BAW
YUL,LHR,IBE
YUL,LHR,DLH
YUL,AMS,DAL
YUL,AMS,KLM
YUL,CMN,RAM
YUL,BCN,TSC
YUL,AGP,TSC
YUL,BOD,TSC
YUL,TLS,TSC
YUL,LYS,TSC
YUL,MRS,TSC
YUL,NCE,TSC
YUL,CDG,ACA
YUL,CDG,AFR
YUL,CDG,AZA
YUL,CDG,DAL
YUL,CDG,DLH
YUL,CDG,TSC
YUL,ORY,CRL
YUL,FSP,SPM
YUL,VCE,TSC
YUL,FCO,TSC
YUL,LIS,TSC
YUL,GVA,ACA
YUL,GVA,DLH
YUL,GVA,SWR
YUL,GVA,UAL
YUL,ZRH,ACA
YUL,ZRH,SWR
YUL,PUJ,ACA
YUL,PUJ,TSC
YUL,PUJ,WJA
YUL,POP,TSC
YUL,MBJ,ACA
YUL,MBJ,TSC
YUL,CZM,ACA
YUL,MEX,AMX
YUL,PVR,TSC
YUL,CUN,ACA
YUL,CUN,TSC
YUL,CUN,WJA
YUL,PAP,ACA
YUL,CYO,CUB
YUL,CMW,CUB
YUL,HOG,ACA
YUL,HOG,CUB
YUL,HOG,TSC
YUL,SNU,ACA
YUL,SNU,CUB
YUL,SNU,TSC
YUL,VRA,ACA
YUL,VRA,TSC
YUL,ZSA,ACA
YUL,AMM,AAL
YUL,AMM,RJA
YUL,AMM,USA
YUL,DOH,QTR
YUL,FDF,ACA
YUL,PTP,ACA
YUL,BOS,ACA
YUL,BOS,UAL
YUL,SFO,ACA
YUL,SFO,UAL
YUL,LAX,ACA
YUL,LAX,UAL
YUL,EWR,ACA
YUL,EWR,UAL
YUL,DCA,AAL
YUL,DCA,ACA
YUL,DCA,USA
YUL,FLL,ACA
YUL,FLL,TSC
YUL,FLL,WJA
YUL,IAH,ACA
YUL,IAH,UAL
YUL,MIA,AAL
YUL,MIA,USA
YUL,MIA,WJA
YUL,DTW,AAL
YUL,DTW,DAL
YUL,DTW,RJA
YUL,DTW,USA
YUL,DFW,AAL
YUL,DFW,USA
YUL,DFW,WJA
YUL,ATL,AFR
YUL,ATL,AMX
YUL,ATL,DAL
YUL,LGA,AAL
YUL,LGA,ACA
YUL,LGA,DAL
YUL,LGA,UAL
YUL,LGA,USA
YUL,LGA,WJA
YUL,IAD,ACA
YUL,IAD,UAL
YUL,DEN,ACA
YUL,DEN,UAL
YUL,PHL,AAL
YUL,PHL,USA
YUL,JFK,AAL
YUL,JFK,FIN
YUL,JFK,AZA
YUL,JFK,DAL
YUL,JFK,USA
YUL,JFK,WJA
YUL,BDL,ACA
YUL,BDL,UAL
YUL,ORD,AAL
YUL,ORD,ACA
YUL,ORD,ETD
YUL,ORD,UAL
YUL,ORD,USA
YUL,ORD,WJA
YUL,MSP,DAL
YUL,MSP,WJA
YUL,CLT,AAL
YUL,CLT,USA
YUL,LAS,ACA
YUL,LAS,WJA
YUL,MCO,ACA
YUL,MCO,TSC
YUL,ATH,TSC
YUL,ZBF,ACA
YUL,AZS,ACA
YUL,CCC,ACA
YUL,CCC,CUB
YUL,CCC,TSC
YUT,YBK,FAB
YUT,YZS,AUH
YUT,YRT,AUH
YUX,YFB,MPE
YUX,YFB,FAB
YUX,YGT,MPE
YUX,YGT,FAB
YUY,YUL,ACA
YUY,YVO,ACA
YVM,YXP,MPE
YVM,YXP,FAB
YVO,YUL,ACA
YVO,YUY,ACA
YVP,YFB,FAB
YVP,YUL,FAB
YVQ,YEV,MPE
YVQ,YEV,FAB
YVQ,YZF,MPE
YVQ,YZF,FAB
YVQ,ZFN,FHE
YVQ,YGH,FHE
YVR,YBL,PCO
YVR,YBL,ACA
YVR,YCD,ACA
YVR,YCG,ACA
YVR,YEG,ACA
YVR,YEG,JAL
YVR,YEG,WJA
YVR,YKA,ACA
YVR,YLW,ANT
YVR,YLW,ACA
YVR,YLW,WJA
YVR,YMM,ACA
YVR,YOW,ACA
YVR,YPR,ACA
YVR,YQQ,PCO
YVR,YQR,ACA
YVR,YQR,WJA
YVR,YQZ,ACA
YVR,YUL,ACA
YVR,YUL,WJA
YVR,YWG,ACA
YVR,YWG,WJA
YVR,YWL,PCO
YVR,YWL,ACA
YVR,YXC,PCO
YVR,YXC,ACA
YVR,YXE,ACA
YVR,YXE,WJA
YVR,YXJ,ACA
YVR,YXJ,WJA
YVR,YXS,ACA
YVR,YXS,WJA
YVR,YXT,ACA
YVR,YXT,WJA
YVR,YXY,ANT
YVR,YXY,ACA
YVR,YYC,ACA
YVR,YYC,TSC
YVR,YYC,WJA
YVR,YYD,ACA
YVR,YYF,ACA
YVR,YYJ,PCO
YVR,YYJ,ACA
YVR,YYJ,WJA
YVR,YYZ,ACA
YVR,YYZ,PAL
YVR,YYZ,WJA
YVR,YZP,ACA
YVR,YZT,PCO
YVR,FRA,ACA
YVR,FRA,CFG
YVR,FRA,DLH
YVR,MUC,ACA
YVR,MUC,DLH
YVR,MAN,TSC
YVR,LGW,TSC
YVR,LHR,AAL
YVR,LHR,ACA
YVR,LHR,FIN
YVR,LHR,BAW
YVR,LHR,IBE
YVR,LHR,DLH
YVR,AMS,DAL
YVR,AMS,KLM
YVR,MEX,ACA
YVR,PVR,ACA
YVR,PVR,TSC
YVR,PVR,WJA
YVR,SJD,WJA
YVR,CUN,TSC
YVR,CUN,WJA
YVR,AKL,ACA
YVR,AKL,ANZ
YVR,TPE,EVA
YVR,TPE,CAL
YVR,NRT,AAL
YVR,NRT,ACA
YVR,NRT,JAL
YVR,NRT,ANA
YVR,HND,ACA
YVR,HND,ANA
YVR,MNL,PAL
YVR,HKG,ACA
YVR,HKG,CPA
YVR,SYD,ACA
YVR,PEK,ACA
YVR,PEK,CCA
YVR,CAN,CSN
YVR,PVG,ACA
YVR,PVG,CCA
YVR,PVG,CES
YVR,OGG,ACA
YVR,OGG,WJA
YVR,PHX,AAL
YVR,PHX,USA
YVR,SFO,ACA
YVR,SFO,UAL
YVR,SFO,WJA
YVR,LAX,AAL
YVR,LAX,ACA
YVR,LAX,ASA
YVR,LAX,UAL
YVR,LAX,WJA
YVR,EWR,ACA
YVR,EWR,ANA
YVR,EWR,UAL
YVR,KOA,WJA
YVR,SLC,DAL
YVR,IAH,UAL
YVR,SEA,AAL
YVR,SEA,ACA
YVR,SEA,ASA
YVR,SEA,DAL
YVR,SEA,UAL
YVR,LIH,WJA
YVR,DFW,AAL
YVR,DFW,USA
YVR,DFW,WJA
YVR,PDX,AAL
YVR,PDX,ACA
YVR,PDX,ASA
YVR,PDX,UAL
YVR,HNL,ACA
YVR,HNL,DAL
YVR,HNL,WJA
YVR,DEN,ACA
YVR,DEN,UAL
YVR,JFK,CPA
YVR,ORD,AAL
YVR,ORD,ACA
YVR,ORD,DAL
YVR,ORD,UAL
YVR,ORD,WJA
YVR,PSP,WJA
YVR,MSP,DAL
YVR,SNA,DAL
YVR,SNA,WJA
YVR,LAS,AAL
YVR,LAS,ACA
YVR,LAS,DAL
YVR,LAS,WJA
YVR,ICN,ACA
YVR,ICN,KAL
YVR,ICN,AAR
YVR,SHE,CSC
YVR,YPW,PCO
YVR,ZMT,PCO
YVR,QBC,PCO
YVR,YZZ,PCO
YWG,YEG,ACA
YWG,YEG,KLM
YWG,YEG,WJA
YWG,YFO,BLS
YWG,YFO,AUH
YWG,YOW,ACA
YWG,YOW,WJA
YWG,YQK,BLS
YWG,YQR,ACA
YWG,YQR,WJA
YWG,YQT,ACA
YWG,YQT,WJA
YWG,YRT,MPE
YWG,YRT,FAB
YWG,YRT,AUH
YWG,YTH,AUH
YWG,YUL,ACA
YWG,YUL,KLM
YWG,YUL,WJA
YWG,YVR,ACA
YWG,YVR,WJA
YWG,YXE,ACA
YWG,YXE,WJA
YWG,YXU,WJA
YWG,YYC,ACA
YWG,YYC,WJA
YWG,YYQ,MPE
YWG,YYQ,AUH
YWG,YYZ,ACA
YWG,YYZ,WJA
YWG,DEN,ACA
YWG,DEN,UAL
YWG,ORD,ACA
YWG,ORD,UAL
YWG,MSP,DAL
YWG,LAS,WJA
YWG,YGX,AUH
YWG,YQD,BLS
YWG,YQD,AUH
YWG,YRL,BLS
YWG,YSK,AUH
YWK,YYR,ACA
YWK,YYY,NAK
YWK,YZV,ACA
YWK,YZV,NAK
YWL,YQZ,ACA
YWL,YVR,PCO
YWL,YVR,ACA
YXC,YLW,PCO
YXC,YVR,PCO
YXC,YVR,ACA
YXC,YYC,ACA
YXE,YEG,ACA
YXE,YEG,WJA
YXE,YVR,ACA
YXE,YVR,WJA
YXE,YWG,ACA
YXE,YWG,WJA
YXE,YYC,ACA
YXE,YYC,WJA
YXE,YYZ,ACA
YXE,YYZ,WJA
YXE,DEN,ACA
YXE,DEN,UAL
YXE,ORD,UAL
YXE,MSP,DAL
YXE,LAS,WJA
YXH,YYC,ACA
YXJ,YVR,ACA
YXJ,YVR,WJA
YXJ,YYC,WJA
YXL,YHD,BLS
YXL,YQT,BLS
YXL,YAG,BLS
YXL,YRL,BLS
YXP,YFB,MPE
YXP,YFB,FAB
YXP,YVM,MPE
YXP,YVM,FAB
YXS,YVR,ACA
YXS,YVR,WJA
YXS,YYC,WJA
YXT,YVR,ACA
YXT,YVR,WJA
YXU,YOW,ACA
YXU,YWG,WJA
YXU,YYC,WJA
YXU,YYZ,ACA
YXU,ORD,ACA
YXU,ORD,UAL
YXX,YEG,WJA
YXX,YYC,WJA
YXY,YLW,ANT
YXY,YVR,ANT
YXY,YVR,ACA
YXY,YYC,ANT
YXY,YZF,ANT
YYB,YSB,BLS
YYB,YYZ,ACA
YYC,YBR,WJA
YYC,YCD,WJA
YYC,YCG,ACA
YYC,YEG,ANT
YYC,YEG,ACA
YYC,YEG,KLM
YYC,YEG,TSC
YYC,YEG,WJA
YYC,YHM,WJA
YYC,YHZ,WJA
YYC,YKA,ACA
YYC,YKA,WJA
YYC,YKF,WJA
YYC,YLW,ACA
YYC,YLW,WJA
YYC,YMM,ACA
YYC,YMM,WJA
YYC,YOW,ACA
YYC,YOW,WJA
YYC,YQF,ACA
YYC,YQG,WJA
YYC,YQL,ACA
YYC,YQQ,WJA
YYC,YQR,ACA
YYC,YQR,WJA
YYC,YQU,ACA
YYC,YQU,WJA
YYC,YUL,ACA
YYC,YUL,WJA
YYC,YVR,ACA
YYC,YVR,TSC
YYC,YVR,WJA
YYC,YWG,ACA
YYC,YWG,WJA
YYC,YXC,ACA
YYC,YXE,ACA
YYC,YXE,WJA
YYC,YXH,ACA
YYC,YXJ,WJA
YYC,YXS,WJA
YYC,YXU,WJA
YYC,YXX,WJA
YYC,YYJ,ACA
YYC,YYJ,WJA
YYC,YYZ,ACA
YYC,YYZ,KLM
YYC,YYZ,WJA
YYC,YZF,ACA
YYC,FRA,ACA
YYC,FRA,DLH
YYC,FRA,TSC
YYC,MAN,TSC
YYC,LGW,TSC
YYC,LHR,AAL
YYC,LHR,ACA
YYC,LHR,FIN
YYC,LHR,BAW
YYC,LHR,IBE
YYC,LHR,DLH
YYC,GLA,TSC
YYC,AMS,DAL
YYC,AMS,KLM
YYC,AMS,TSC
YYC,PVR,ACA
YYC,PVR,WJA
YYC,SJD,ACA
YYC,SJD,WJA
YYC,CUN,ACA
YYC,CUN,WJA
YYC,VRA,ACA
YYC,NRT,ACA
YYC,NRT,ANA
YYC,PHX,AAL
YYC,PHX,USA
YYC,PHX,WJA
YYC,SFO,ACA
YYC,SFO,UAL
YYC,SFO,WJA
YYC,LAX,AAL
YYC,LAX,ACA
YYC,LAX,DAL
YYC,LAX,WJA
YYC,EWR,ACA
YYC,SLC,DAL
YYC,IAH,ACA
YYC,IAH,UAL
YYC,SEA,ASA
YYC,DFW,AAL
YYC,DFW,DAL
YYC,DFW,USA
YYC,DFW,WJA
YYC,PDX,ACA
YYC,PDX,UAL
YYC,SAN,AAL
YYC,SAN,WJA
YYC,DEN,ACA
YYC,DEN,UAL
YYC,JFK,AAL
YYC,JFK,DAL
YYC,JFK,WJA
YYC,ORD,AAL
YYC,ORD,ACA
YYC,ORD,DAL
YYC,ORD,UAL
YYC,ORD,WJA
YYC,PSP,WJA
YYC,MSP,DAL
YYC,LAS,AAL
YYC,LAS,ACA
YYC,LAS,DAL
YYC,LAS,WJA
YYC,MCO,WJA
YYD,YVR,ACA
YYF,YVR,ACA
YYG,YHZ,ACA
YYG,YUL,ACA
YYG,YYZ,ACA
YYG,YYZ,WJA
YYH,YCB,MPE
YYH,YHK,MPE
YYH,YHK,FAB
YYH,YZF,FAB
YYJ,YEG,WJA
YYJ,YLW,WJA
YYJ,YVR,PCO
YYJ,YVR,ACA
YYJ,YVR,WJA
YYJ,YYC,ACA
YYJ,YYC,WJA
YYJ,YYZ,ACA
YYJ,YYZ,WJA
YYJ,SFO,ACA
YYJ,SFO,UAL
YYJ,SEA,ASA
YYJ,LAS,WJA
YYQ,YEK,MPE
YYQ,YEK,AUH
YYQ,YRT,MPE
YYQ,YRT,AUH
YYQ,YTH,MPE
YYQ,YTH,AUH
YYQ,YWG,MPE
YYQ,YWG,AUH
YYR,YDF,ACA
YYR,YHZ,ACA
YYR,YQX,ACA
YYR,YWK,ACA
YYR,YYT,ACA
YYR,YRG,WEB
YYR,YDP,WEB
YYT,YDF,ACA
YYT,YHZ,ACA
YYT,YHZ,KLM
YYT,YHZ,POE
YYT,YHZ,WJA
YYT,YOW,ACA
YYT,YOW,WJA
YYT,YQX,ACA
YYT,YUL,ACA
YYT,YYR,ACA
YYT,YYZ,ACA
YYT,YYZ,WJA
YYT,LHR,ACA
YYT,LHR,DLH
YYT,FSP,SPM
YYT,EWR,UAL
YYT,MCO,TSC
YYT,MCO,WJA
YYU,YQT,BLS
YYU,YTS,BLS
YYY,YBC,ACA
YYY,YBC,NAK
YYY,YUL,ACA
YYY,YWK,NAK
YYY,YZV,NAK
YYZ,KEF,ICE
YYZ,YAM,ACA
YYZ,YDF,ACA
YYZ,YDF,WJA
YYZ,YEG,ACA
YYZ,YEG,WJA
YYZ,YFC,ACA
YYZ,YGK,ACA
YYZ,YHZ,ACA
YYZ,YHZ,KLM
YYZ,YHZ,WJA
YYZ,YLW,WJA
YYZ,YMM,ACA
YYZ,YMM,WJA
YYZ,YOW,ACA
YYZ,YOW,WJA
YYZ,YQB,ACA
YYZ,YQB,TSC
YYZ,YQB,WJA
YYZ,YQG,ACA
YYZ,YQM,ACA
YYZ,YQM,WJA
YYZ,YQR,ACA
YYZ,YQR,KLM
YYZ,YQR,WJA
YYZ,YQT,ACA
YYZ,YQT,WJA
YYZ,YQY,ACA
YYZ,YSB,ACA
YYZ,YSJ,ACA
YYZ,YTS,ACA
YYZ,YUL,ACA
YYZ,YUL,KLM
YYZ,YUL,DLH
YYZ,YUL,SWR
YYZ,YUL,TSC
YYZ,YUL,UAL
YYZ,YUL,WJA
YYZ,YVR,ACA
YYZ,YVR,PAL
YYZ,YVR,WJA
YYZ,YWG,ACA
YYZ,YWG,KLM
YYZ,YWG,WJA
YYZ,YXE,ACA
YYZ,YXE,WJA
YYZ,YXU,ACA
YYZ,YYB,ACA
YYZ,YYC,ACA
YYZ,YYC,WJA
YYZ,YYG,ACA
YYZ,YYG,WJA
YYZ,YYJ,ACA
YYZ,YYJ,WJA
YYZ,YYT,ACA
YYZ,YYT,WJA
YYZ,YZR,ACA
YYZ,BRU,JAI
YYZ,BRU,ETD
YYZ,FRA,ACA
YYZ,FRA,DLH
YYZ,MUC,ACA
YYZ,MUC,DLH
YYZ,MAN,TSC
YYZ,LGW,TSC
YYZ,LHR,AAL
YYZ,LHR,ACA
YYZ,LHR,FIN
YYZ,LHR,BAW
YYZ,LHR,IBE
YYZ,LHR,DLH
YYZ,GLA,TSC
YYZ,AMS,DAL
YYZ,AMS,KLM
YYZ,AMS,TSC
YYZ,DUB,ACA
YYZ,DUB,EIN
YYZ,DUB,TSC
YYZ,CPH,ACA
YYZ,CPH,DLH
YYZ,CPH,SAS
YYZ,WAW,ACA
YYZ,WAW,LOT
YYZ,ADD,ETH
YYZ,CAI,MSR
YYZ,BCN,ACA
YYZ,BCN,TSC
YYZ,CDG,ACA
YYZ,CDG,AFR
YYZ,CDG,AZA
YYZ,CDG,DAL
YYZ,CDG,DLH
YYZ,CDG,TSC
YYZ,VCE,TSC
YYZ,FCO,ACA
YYZ,FCO,AZA
YYZ,FCO,DAL
YYZ,FCO,DLH
YYZ,FCO,TSC
YYZ,TLV,ACA
YYZ,TLV,ELY
YYZ,VIE,ACA
YYZ,VIE,DLH
YYZ,VIE,AUA
YYZ,PDL,RZO
YYZ,PDL,TAP
YYZ,OPO,RZO
YYZ,OPO,TAP
YYZ,OPO,TSC
YYZ,LIS,RZO
YYZ,LIS,TAP
YYZ,LIS,TSC
YYZ,ZRH,ACA
YYZ,ZRH,SWR
YYZ,IST,ACA
YYZ,IST,THY
YYZ,PLS,ACA
YYZ,PLS,WJA
YYZ,PUJ,ACA
YYZ,PUJ,TSC
YYZ,PUJ,WJA
YYZ,POP,ACA
YYZ,POP,WJA
YYZ,KIN,ACA
YYZ,KIN,BWA
YYZ,KIN,OLA
YYZ,KIN,WJA
YYZ,MBJ,ACA
YYZ,MBJ,TSC
YYZ,MBJ,WJA
YYZ,MEX,ACA
YYZ,MEX,AVA
YYZ,CUN,ACA
YYZ,CUN,TSC
YYZ,CUN,WJA
YYZ,PTY,CMP
YYZ,LIR,ACA
YYZ,LIR,WJA
YYZ,SJO,ACA
YYZ,SAL,AVA
YYZ,CMW,CUB
YYZ,HAV,ACA
YYZ,HOG,ACA
YYZ,HOG,TSC
YYZ,SNU,ACA
YYZ,SNU,CUB
YYZ,SNU,TSC
YYZ,SNU,WJA
YYZ,VRA,ACA
YYZ,VRA,TSC
YYZ,VRA,WJA
YYZ,GCM,ACA
YYZ,GCM,WJA
YYZ,GGT,ACA
YYZ,NAS,ACA
YYZ,NAS,WJA
YYZ,JED,SVA
YYZ,AUH,ACA
YYZ,AUH,ETD
YYZ,DXB,UAE
YYZ,KHI,PIA
YYZ,LHE,PIA
YYZ,ISB,PIA
YYZ,TPE,EVA
YYZ,NRT,ACA
YYZ,NRT,ANA
YYZ,GRU,ACA
YYZ,GRU,TAM
YYZ,SCL,ACA
YYZ,BOG,ACA
YYZ,BOG,AVA
YYZ,LIM,ACA
YYZ,ANU,ACA
YYZ,ANU,WJA
YYZ,BGI,ACA
YYZ,BGI,WJA
YYZ,GND,ACA
YYZ,GND,BWA
YYZ,SJU,WJA
YYZ,UVF,ACA
YYZ,UVF,WJA
YYZ,AUA,ACA
YYZ,AUA,WJA
YYZ,SXM,WJA
YYZ,POS,BWA
YYZ,POS,WJA
YYZ,SVO,AFL
YYZ,VKO,TSO
YYZ,HKG,ACA
YYZ,HKG,CPA
YYZ,PEK,ACA
YYZ,PEK,CCA
YYZ,PEK,CHH
YYZ,PVG,ACA
YYZ,PVG,CCA
YYZ,BOS,ACA
YYZ,BOS,UAL
YYZ,MCI,ACA
YYZ,PHX,ACA
YYZ,SFO,ACA
YYZ,SFO,UAL
YYZ,LAX,AAL
YYZ,LAX,ACA
YYZ,LAX,UAL
YYZ,LAX,USA
YYZ,LAX,WJA
YYZ,CLE,ACA
YYZ,CLE,UAL
YYZ,CVG,ACA
YYZ,CVG,DAL
YYZ,CVG,WJA
YYZ,EWR,ACA
YYZ,EWR,UAL
YYZ,MYR,WJA
YYZ,DCA,AAL
YYZ,DCA,ACA
YYZ,DCA,USA
YYZ,FLL,ACA
YYZ,FLL,DAL
YYZ,FLL,TSC
YYZ,FLL,WJA
YYZ,MDT,ACA
YYZ,IAH,ACA
YYZ,IAH,UAL
YYZ,PIT,ACA
YYZ,PIT,UAL
YYZ,MIA,AAL
YYZ,MIA,ACA
YYZ,MIA,USA
YYZ,MIA,WJA
YYZ,SEA,ACA
YYZ,IND,ACA
YYZ,ROC,ACA
YYZ,RDU,ACA
YYZ,DTW,ACA
YYZ,DTW,AZA
YYZ,DTW,DAL
YYZ,DTW,UAL
YYZ,DTW,WJA
YYZ,TPA,ACA
YYZ,TPA,WJA
YYZ,DFW,AAL
YYZ,DFW,ACA
YYZ,DFW,UAL
YYZ,DFW,USA
YYZ,DFW,WJA
YYZ,STL,ACA
YYZ,STL,UAL
YYZ,ATL,ACA
YYZ,ATL,AFR
YYZ,ATL,DAL
YYZ,ATL,THY
YYZ,ATL,UAL
YYZ,ATL,WJA
YYZ,BNA,ACA
YYZ,LGA,AAL
YYZ,LGA,ACA
YYZ,LGA,DAL
YYZ,LGA,UAL
YYZ,LGA,USA
YYZ,LGA,WJA
YYZ,IAD,ACA
YYZ,IAD,UAL
YYZ,MKE,ACA
YYZ,SAN,ACA
YYZ,SYR,ACA
YYZ,DEN,ACA
YYZ,DEN,UAL
YYZ,PHL,AAL
YYZ,PHL,ACA
YYZ,PHL,UAL
YYZ,PHL,USA
YYZ,CMH,ACA
YYZ,CMH,UAL
YYZ,RSW,ACA
YYZ,RSW,WJA
YYZ,JFK,AAL
YYZ,JFK,ACA
YYZ,JFK,FIN
YYZ,JFK,DAL
YYZ,JFK,USA
YYZ,JFK,WJA
YYZ,BDL,ACA
YYZ,BDL,UAL
YYZ,ORD,AAL
YYZ,ORD,ACA
YYZ,ORD,ETD
YYZ,ORD,UAL
YYZ,ORD,USA
YYZ,ORD,WJA
YYZ,BWI,ACA
YYZ,MSP,ACA
YYZ,MSP,DAL
YYZ,MSP,UAL
YYZ,MSP,WJA
YYZ,MSY,ACA
YYZ,MSY,UAL
YYZ,CLT,AAL
YYZ,CLT,ACA
YYZ,CLT,USA
YYZ,LAS,AAL
YYZ,LAS,ACA
YYZ,LAS,DAL
YYZ,LAS,WJA
YYZ,MCO,AAL
YYZ,MCO,ACA
YYZ,MCO,DAL
YYZ,MCO,TSC
YYZ,MCO,WJA
YYZ,ICN,KAL
YYZ,ATH,TSC
YYZ,BDA,ACA
YYZ,BDA,WJA
YYZ,GEO,BWA
YYZ,GEO,OLA
YYZ,AZS,ACA
YYZ,AZS,WJA
YYZ,CCC,ACA
YYZ,CCC,WJA
YZF,YCB,MPE
YZF,YCB,FAB
YZF,YCO,MPE
YZF,YCO,FAB
YZF,YEG,MPE
YZF,YEG,FAB
YZF,YEG,ACA
YZF,YEG,JAL
YZF,YEG,AUH
YZF,YEG,WJA
YZF,YFS,FAB
YZF,YHK,MPE
YZF,YHK,FAB
YZF,YHY,FAB
YZF,YOW,ANT
YZF,YOW,AUH
YZF,YRT,MPE
YZF,YRT,FAB
YZF,YSM,PLR
YZF,YVQ,MPE
YZF,YVQ,FAB
YZF,YXY,ANT
YZF,YYC,ACA
YZF,YYH,MPE
YZF,YWJ,FHE
YZP,YVR,ACA
YZR,YYZ,ACA
YZT,YVR,PCO
YZT,ZEL,PCO
YZV,YNA,NAK
YZV,YNA,WEB
YZV,YPN,NAK
YZV,YQB,ACA
YZV,YQB,NAK
YZV,YUL,ACA
YZV,YWK,ACA
YZV,YWK,NAK
YZV,YYY,NAK
YZV,YGV,NAK
BJA,ALG,DAH
BJA,LYS,DAH
BJA,MRS,DAH
BJA,MRS,AAF
BJA,ORY,DAH
BJA,ORY,AAF
ALG,YUL,DAH
ALG,BJA,DAH
ALG,DJG,DAH
ALG,AAE,DAH
ALG,CZL,DAH
ALG,TEE,DAH
ALG,HRM,DAH
ALG,TID,DAH
ALG,TLM,DAH
ALG,ORN,DAH
ALG,MUW,DAH
ALG,AZR,DAH
ALG,BSK,DAH
ALG,GHA,DAH
ALG,HME,DAH
ALG,INZ,DAH
ALG,TGR,DAH
ALG,OGX,DAH
ALG,OUA,DAH
ALG,ABJ,DAH
ALG,NIM,DAH
ALG,TUN,DAH
ALG,TUN,TAR
ALG,BRU,DAH
ALG,FRA,DAH
ALG,FRA,DLH
ALG,CGN,GWI
ALG,LGW,BAW
ALG,LHR,DAH
ALG,BKO,DAH
ALG,CMN,DAH
ALG,CMN,RAM
ALG,DKR,DAH
ALG,CAI,DAH
ALG,CAI,MSR
ALG,TIP,DAH
ALG,TIP,LAA
ALG,ALC,DAH
ALG,BCN,DAH
ALG,BCN,IBE
ALG,BCN,FOS
ALG,MAD,DAH
ALG,MAD,IBE
ALG,BOD,DAH
ALG,TLS,DAH
ALG,TLS,AAF
ALG,ETZ,DAH
ALG,LYS,DAH
ALG,LYS,AAF
ALG,MRS,AFR
ALG,MRS,DAH
ALG,MRS,AAF
ALG,NCE,DAH
ALG,CDG,AFR
ALG,CDG,DAH
ALG,CDG,KLM
ALG,CDG,AFL
ALG,CDG,AAF
ALG,ORY,DAH
ALG,ORY,AAF
ALG,LIL,DAH
ALG,LIL,AAF
ALG,MLH,AAF
ALG,MXP,DAH
ALG,FCO,DAH
ALG,FCO,AZA
ALG,MLA,AMC
ALG,VIE,DAH
ALG,LIS,DAH
ALG,LIS,TAP
ALG,GVA,DAH
ALG,IST,DAH
ALG,IST,THY
ALG,MED,SVA
ALG,AMM,DAH
ALG,AMM,RJA
ALG,BEY,DAH
ALG,DXB,DAH
ALG,DXB,UAE
ALG,DOH,QTR
ALG,SVO,DAH
ALG,PEK,DAH
ALG,PMI,DAH
ALG,BLJ,DAH
ALG,ELU,DAH
ALG,QSF,DAH
DJG,TMR,DAH
DJG,OGX,DAH
TMR,ALG,DAH
TMR,ELG,DAH
TMR,GHA,DAH
TMR,INZ,DAH
AAE,ALG,DAH
AAE,ORN,DAH
AAE,LYS,DAH
AAE,MRS,DAH
AAE,MRS,AAF
AAE,CDG,DAH
AAE,ORY,DAH
AAE,ORY,AAF
AAE,IST,DAH
CZL,ALG,DAH
CZL,ORN,DAH
CZL,AZR,DAH
CZL,GHA,DAH
CZL,HME,DAH
CZL,LYS,DAH
CZL,LYS,AAF
CZL,MRS,DAH
CZL,MRS,AAF
CZL,NCE,DAH
CZL,CDG,DAH
CZL,ORY,DAH
CZL,ORY,AAF
CZL,MLH,DAH
CZL,MLH,AAF
CZL,IST,DAH
TEE,ALG,DAH
HRM,ALG,DAH
HRM,HME,DAH
TID,ALG,DAH
TLM,ALG,DAH
TLM,LYS,DAH
TLM,MRS,DAH
TLM,MRS,AAF
TLM,ORY,DAH
TLM,ORY,AAF
ORN,ALG,DAH
ORN,AAE,DAH
ORN,CZL,DAH
ORN,AZR,DAH
ORN,GHA,DAH
ORN,HME,DAH
ORN,OGX,DAH
ORN,TUN,TAR
ORN,CMN,DAH
ORN,ALC,DAH
ORN,ALC,IBE
ORN,ALC,FOS
ORN,BCN,DAH
ORN,BCN,IBE
ORN,BCN,FOS
ORN,MAD,IBE
ORN,TLS,DAH
ORN,TLS,AAF
ORN,LYS,DAH
ORN,LYS,AAF
ORN,MRS,DAH
ORN,MRS,AAF
ORN,CDG,DAH
ORN,CDG,AAF
ORN,ORY,DAH
ORN,ORY,AAF
ORN,LIL,DAH
ORN,LIL,AAF
ORN,MLH,AAF
ORN,FCO,AZA
ORN,IST,DAH
ORN,IST,THY
ORN,MED,SVA
ORN,CBH,DAH
MUW,ALG,DAH
MUW,TID,DAH
AZR,ALG,DAH
AZR,CZL,DAH
AZR,ORN,DAH
AZR,INZ,DAH
AZR,OGX,DAH
AZR,BMW,DAH
BSK,ALG,DAH
BSK,LYS,DAH
BSK,ORY,DAH
BSK,ORY,AAF
ELG,TMR,DAH
ELG,OGX,DAH
GHA,ALG,DAH
GHA,TMR,DAH
GHA,CZL,DAH
GHA,ORN,DAH
HME,ALG,DAH
HME,CZL,DAH
HME,HRM,DAH
HME,ORN,DAH
HME,IAM,DAH
HME,LGW,TYS
INZ,ALG,DAH
INZ,TMR,DAH
TGR,ALG,DAH
OGX,ALG,DAH
OGX,ORN,DAH
OGX,AZR,DAH
OGX,ELG,DAH
OGX,IAM,DAH
IAM,HME,DAH
IAM,OGX,DAH
COO,OUA,VBW
COO,ACC,HLF
COO,ABJ,ACA
COO,ABJ,SGG
COO,ABJ,ETH
COO,ABJ,HLF
COO,ABJ,MAI
COO,ABJ,DLH
COO,ABJ,DAT
COO,ABJ,UAL
COO,ABV,ETH
COO,LOS,RAM
COO,NIM,ETH
COO,LFW,VBW
COO,LFW,ETH
COO,LFW,HLF
COO,BZV,MAI
COO,BZV,VLO
COO,BZV,PEC
COO,PNR,MAI
COO,PNR,VLO
COO,PNR,PEC
COO,PNR,SAA
COO,DLA,SGG
COO,DLA,VLO
COO,LBV,DSY
COO,LBV,SGG
COO,LBV,PEC
COO,BKO,DSY
COO,BKO,SGG
COO,BKO,MAI
COO,DKR,SGG
COO,ADD,ETH
COO,CDG,AFR
COO,NBO,KQA
OUA,ALG,DAH
OUA,COO,VBW
OUA,BOY,VBW
OUA,ACC,VBW
OUA,ABJ,VBW
OUA,ABJ,ACA
OUA,ABJ,ETH
OUA,ABJ,HLF
OUA,ABJ,DLH
OUA,ABJ,DAT
OUA,ABJ,UAL
OUA,NIM,VBW
OUA,NIM,AFR
OUA,NIM,RAM
OUA,NIM,DAL
OUA,NIM,SGG
OUA,NIM,ETH
OUA,NIM,KLM
OUA,TUN,TAR
OUA,LFW,VBW
OUA,LFW,ETH
OUA,BRU,ACA
OUA,BRU,DLH
OUA,BRU,DAT
OUA,BRU,UAL
OUA,BKO,VBW
OUA,BKO,SGG
OUA,BKO,ETH
OUA,CMN,RAM
OUA,DKR,VBW
OUA,ADD,ETH
OUA,CDG,AFR
OUA,IST,THY
BOY,OUA,VBW
BOY,ABJ,VBW
ACC,COO,HLF
ACC,OUA,VBW
ACC,TML,AWM
ACC,ABJ,UAE
ACC,ABJ,HLF
ACC,ABJ,MEA
ACC,ABJ,MSR
ACC,ABJ,SAA
ACC,ABJ,THY
ACC,LOS,AYZ
ACC,LOS,AWM
ACC,LOS,RWD
ACC,LFW,ETH
ACC,FRA,DLH
ACC,LHR,AAL
ACC,LHR,BAW
ACC,AMS,KLM
ACC,JNB,SAA
ACC,FNA,ETH
ACC,FNA,KQA
ACC,MLW,ETH
ACC,ROB,AYZ
ACC,ROB,DAL
ACC,ROB,KQA
ACC,CMN,RAM
ACC,DKR,AYZ
ACC,DKR,KQA
ACC,ADD,ETH
ACC,CAI,MSR
ACC,MAD,IBE
ACC,FCO,AZA
ACC,LIS,TAP
ACC,IST,THY
ACC,BEY,MEA
ACC,DXB,UAE
ACC,JFK,DAL
ACC,NBO,KQA
ACC,WDH,NMB
ACC,KMS,SSV
ACC,KMS,AWM
TML,ACC,AWM
ABJ,ALG,DAH
ABJ,COO,SGG
ABJ,COO,ETH
ABJ,COO,MAI
ABJ,OUA,VBW
ABJ,OUA,ACA
ABJ,OUA,ETH
ABJ,OUA,HLF
ABJ,OUA,DLH
ABJ,OUA,DAT
ABJ,OUA,UAL
ABJ,BOY,VBW
ABJ,ACC,UAE
ABJ,ACC,HLF
ABJ,ACC,MEA
ABJ,ACC,MSR
ABJ,ACC,SAA
ABJ,LOS,ETH
ABJ,LOS,MEA
ABJ,TUN,TAR
ABJ,LFW,ETH
ABJ,LFW,HLF
ABJ,LFW,DLH
ABJ,LFW,DAT
ABJ,LFW,UAL
ABJ,BRU,DLH
ABJ,BRU,DAT
ABJ,BRU,UAL
ABJ,BRU,ACA
ABJ,DLA,HLF
ABJ,LBV,HLF
ABJ,BKO,HLF
ABJ,BKO,MAI
ABJ,CMN,RAM
ABJ,DKR,SGG
ABJ,DKR,HLF
ABJ,DKR,KQA
ABJ,CDG,AFR
ABJ,CDG,AZA
ABJ,ORY,CRL
ABJ,IST,THY
ABJ,NBO,KQA
ABJ,CKY,ETH
ABJ,CKY,HLF
ABV,COO,ETH
ABV,PHC,AFR
ABV,PHC,DAL
ABV,PHC,KLM
ABV,NIM,ETH
ABV,LFW,ETH
ABV,FRA,DLH
ABV,LHR,BAW
ABV,SSG,DLH
ABV,NDJ,ETH
ABV,ADD,ETH
ABV,CAI,MSR
ABV,CDG,AFR
ABV,CDG,DAL
ABV,CDG,KLM
ENU,ADD,ETH
KAN,NDJ,THY
KAN,CAI,MSR
KAN,KRT,SUD
KAN,JED,SVA
KAN,BEY,MEA
LOS,COO,KQA
LOS,ACC,AYZ
LOS,ACC,AWM
LOS,ACC,AZA
LOS,ACC,RWD
LOS,ABJ,ETH
LOS,ABJ,MEA
LOS,PHC,DLH
LOS,PHC,DAT
LOS,PHC,UAL
LOS,LFW,ETH
LOS,FRA,DLH
LOS,FRA,DAT
LOS,FRA,UAL
LOS,LHR,BAW
LOS,LHR,VIR
LOS,AMS,KLM
LOS,JNB,SAA
LOS,SSG,DSY
LOS,DLA,AYZ
LOS,LBV,ETH
LOS,BKO,DSY
LOS,ROB,AYZ
LOS,CMN,RAM
LOS,DKR,AYZ
LOS,ADD,ETH
LOS,CAI,MSR
LOS,KGL,RWD
LOS,MAD,IBE
LOS,CDG,AFR
LOS,IST,THY
LOS,AMM,RJA
LOS,BEY,MEA
LOS,AUH,ETD
LOS,DXB,UAE
LOS,DOH,QTR
LOS,IAH,UAL
LOS,ATL,DAL
LOS,NBO,KQA
PHC,ABV,AFR
PHC,ABV,DAL
PHC,ABV,KLM
PHC,LOS,DLH
PHC,LOS,DAT
PHC,LOS,UAL
NIM,ALG,DAH
NIM,COO,ETH
NIM,OUA,VBW
NIM,OUA,AFR
NIM,OUA,RAM
NIM,OUA,DAL
NIM,OUA,SGG
NIM,OUA,ETH
NIM,OUA,KLM
NIM,OUA,THY
NIM,ABV,ETH
NIM,NDJ,ETH
NIM,CMN,RAM
NIM,ADD,ETH
NIM,CDG,AFR
NIM,CDG,DAL
NIM,CDG,KLM
MIR,TUN,LBT
MIR,TUN,TUI
MIR,BRU,TAR
MIR,TIP,STU
MIR,TIP,TUI
MIR,LYS,TVF
MIR,LYS,TAR
MIR,MRS,TAR
MIR,NCE,TAR
MIR,CDG,LBT
MIR,CDG,STU
MIR,ORY,TVF
MIR,ORY,TAR
MIR,NTE,TVF
MIR,GVA,TAR
TUN,ALG,DAH
TUN,ALG,TAR
TUN,ORN,TAR
TUN,OUA,TAR
TUN,ABJ,TAR
TUN,MIR,LBT
TUN,MIR,TUI
TUN,GAF,TUI
TUN,GAE,TUI
TUN,DJE,TUI
TUN,SFA,TUI
TUN,TOE,TUI
TUN,BRU,TAR
TUN,FRA,DLH
TUN,FRA,TAR
TUN,CGN,GWI
TUN,DUS,TAR
TUN,MUC,TAR
TUN,LHR,TAR
TUN,AMS,TAR
TUN,BKO,TAR
TUN,CMN,RAM
TUN,CMN,TAR
TUN,DKR,TAR
TUN,NKC,TAR
TUN,CAI,MSR
TUN,CAI,TAR
TUN,BEN,AAW
TUN,BEN,LAA
TUN,BEN,TAR
TUN,TIP,AAW
TUN,TIP,STU
TUN,TIP,LAA
TUN,TIP,TAR
TUN,BCN,TAR
TUN,MAD,TAR
TUN,BOD,TAR
TUN,TLS,TAR
TUN,LYS,LBT
TUN,LYS,TVF
TUN,LYS,TAR
TUN,MRS,AFR
TUN,MRS,TAR
TUN,NCE,TAR
TUN,CDG,AFR
TUN,CDG,LBT
TUN,CDG,STU
TUN,ORY,TVF
TUN,ORY,TAR
TUN,NTE,LBT
TUN,NTE,TAR
TUN,SXB,TAR
TUN,PMO,TAR
TUN,MXP,AZA
TUN,MXP,TAR
TUN,BLQ,TAR
TUN,VCE,TAR
TUN,FCO,AZA
TUN,FCO,TAR
TUN,NAP,TUI
TUN,MLA,TUI
TUN,VIE,TAR
TUN,LIS,TAR
TUN,GVA,TAR
TUN,ZRH,TAR
TUN,IST,THY
TUN,IST,TAR
TUN,BEG,TAR
TUN,JED,SVA
TUN,JED,TAR
TUN,MED,TAR
TUN,AMM,RJA
TUN,KWI,TAR
TUN,BEY,MEA
TUN,BEY,TAR
TUN,DXB,UAE
TUN,DXB,TAR
TUN,DOH,QTR
TUN,DME,TAR
TUN,SRX,LAA
TUN,TOB,LAA
TUN,TOB,TAR
TUN,LAQ,LAA
TUN,LAQ,TAR
TUN,MRA,AAW
TUN,MRA,LAA
TUN,MRA,TAR
GAF,GAE,TUI
GAF,TOE,TUI
GAE,TUN,TUI
GAE,TOE,TUI
DJE,TUN,TUI
DJE,BRU,TAR
DJE,SXF,TAR
DJE,FRA,CFG
DJE,FRA,TAR
DJE,HAM,TAR
DJE,DUS,BER
DJE,DUS,CFG
DJE,DUS,TAR
DJE,MUC,LBT
DJE,MUC,CFG
DJE,MUC,TAR
DJE,NUE,BER
DJE,LEJ,CFG
DJE,LUX,LGL
DJE,TIP,STU
DJE,LYS,LBT
DJE,LYS,TAR
DJE,MRS,LBT
DJE,MRS,TAR
DJE,NCE,TAR
DJE,CDG,LBT
DJE,CDG,STU
DJE,ORY,TVF
DJE,ORY,TAR
DJE,ORY,AAF
DJE,LIL,LBT
DJE,LIL,TVF
DJE,NTE,LBT
DJE,NTE,TVF
DJE,NTE,TAR
DJE,MLH,LBT
DJE,SXB,TAR
DJE,GVA,TAR
DJE,ZRH,TAR
DJE,BSL,TAR
DJE,NBE,LGL
SFA,TUN,TUI
SFA,BEN,LAA
SFA,BEN,TUI
SFA,TIP,AAW
SFA,TIP,STU
SFA,TIP,LAA
SFA,TIP,TUI
SFA,CDG,STU
SFA,MRA,AAW
SFA,MRA,LAA
TOE,TUN,TUI
TOE,ORY,TAR
LFW,COO,ETH
LFW,COO,HLF
LFW,OUA,VBW
LFW,OUA,ETH
LFW,ACC,RAM
LFW,ACC,ETH
LFW,ABJ,ETH
LFW,ABJ,HLF
LFW,ABV,ETH
LFW,LOS,ETH
LFW,BRU,DLH
LFW,BRU,DAT
LFW,BRU,UAL
LFW,DLA,ETH
LFW,LBV,ETH
LFW,BKO,ETH
LFW,ADD,ETH
LFW,CDG,AFR
LFW,GIG,ETH
LFW,CKY,ETH
ANR,LCY,AFR
ANR,LCY,BCY
BRU,KEF,ICE
BRU,YUL,ACA
BRU,YUL,DLH
BRU,YUL,DAT
BRU,YUL,TSC
BRU,YYZ,JAI
BRU,YYZ,ACA
BRU,YYZ,ETD
BRU,ALG,DAH
BRU,COO,ACA
BRU,COO,DLH
BRU,COO,DAT
BRU,COO,UAL
BRU,OUA,ACA
BRU,OUA,DLH
BRU,OUA,DAT
BRU,OUA,UAL
BRU,ABJ,DLH
BRU,ABJ,DAT
BRU,ABJ,UAL
BRU,MIR,TAR
BRU,TUN,TAR
BRU,DJE,TAR
BRU,SXF,EZY
BRU,FRA,ETH
BRU,FRA,DLH
BRU,FRA,DAT
BRU,HAM,DLH
BRU,HAM,DAT
BRU,MUC,DLH
BRU,MUC,DAT
BRU,STR,GWI
BRU,TXL,CHH
BRU,TXL,DLH
BRU,TXL,DAT
BRU,HAJ,DLH
BRU,HAJ,DAT
BRU,HAJ,UAL
BRU,TLL,ELL
BRU,TLL,DAT
BRU,HEL,FIN
BRU,BHX,DAT
BRU,BHX,UAL
BRU,MAN,DAT
BRU,MAN,UAL
BRU,BRS,DAT
BRU,LGW,EZY
BRU,LHR,AAL
BRU,LHR,BAW
BRU,LHR,DAT
BRU,NCL,DAT
BRU,EDI,DAT
BRU,AMS,KLM
BRU,ORK,EIN
BRU,DUB,EIN
BRU,BLL,BAW
BRU,CPH,CHH
BRU,CPH,SAS
BRU,CPH,DAT
BRU,CPH,SCW
BRU,OSL,SAS
BRU,OSL,DAT
BRU,GDN,ELO
BRU,WAW,LOT
BRU,WRO,ELO
BRU,GOT,DAT
BRU,GOT,SCW
BRU,GOT,UAL
BRU,ARN,SAS
BRU,BMA,DAT
BRU,BMA,SCW
BRU,DLA,ACA
BRU,DLA,DLH
BRU,DLA,SWR
BRU,DLA,DAT
BRU,DLA,UAL
BRU,LAD,ACA
BRU,LAD,DLH
BRU,LAD,DAT
BRU,LAD,UAL
BRU,FIH,DAT
BRU,FNA,DLH
BRU,FNA,DAT
BRU,FNA,UAL
BRU,AGA,RAM
BRU,AGA,DAT
BRU,OUD,RAM
BRU,CMN,RAM
BRU,CMN,DAT
BRU,RAK,RAM
BRU,RAK,DAT
BRU,TNG,RAM
BRU,DKR,ACA
BRU,DKR,SGG
BRU,DKR,DLH
BRU,DKR,DAT
BRU,DKR,UAL
BRU,BJM,ACA
BRU,BJM,DLH
BRU,BJM,DAT
BRU,BJM,UAL
BRU,CAI,MSR
BRU,CAI,DAT
BRU,KGL,ACA
BRU,KGL,DLH
BRU,KGL,DAT
BRU,KGL,UAL
BRU,KGL,RWD
BRU,SOF,LZB
BRU,ZAG,CTN
BRU,ZAG,DAT
BRU,ALC,RYR
BRU,ALC,IBE
BRU,ALC,DAT
BRU,ALC,FOS
BRU,BIO,CHH
BRU,BIO,DAT
BRU,BCN,RYR
BRU,BCN,CHH
BRU,BCN,IBE
BRU,BCN,DAT
BRU,BCN,FOS
BRU,IBZ,IBE
BRU,IBZ,FOS
BRU,MAD,AMX
BRU,MAD,CHH
BRU,MAD,IBE
BRU,MAD,DAT
BRU,MAD,AEA
BRU,AGP,RYR
BRU,AGP,IBE
BRU,AGP,DAT
BRU,AGP,FOS
BRU,SCQ,IBE
BRU,SCQ,FOS
BRU,VLC,RYR
BRU,VLC,IBE
BRU,VLC,FOS
BRU,SVQ,DAT
BRU,BOD,EZY
BRU,TLS,DAT
BRU,TLS,EZY
BRU,BIA,DAT
BRU,LYS,RLA
BRU,LYS,AFR
BRU,LYS,DAT
BRU,LYS,EZY
BRU,MRS,DAT
BRU,NCE,DAT
BRU,NCE,EZY
BRU,CDG,ETH
BRU,CDG,DAT
BRU,NTE,RLA
BRU,NTE,AFR
BRU,SXB,DAT
BRU,SXB,UAL
BRU,HER,AEE
BRU,HER,DAT
BRU,BUD,DAT
BRU,CTA,AMC
BRU,CTA,DAT
BRU,PMO,DAT
BRU,MXP,CHH
BRU,MXP,DLH
BRU,MXP,DAT
BRU,MXP,EZY
BRU,TRN,DAT
BRU,LIN,AZA
BRU,LIN,DLH
BRU,LIN,SWR
BRU,LIN,DAT
BRU,BLQ,DAT
BRU,TSF,RYR
BRU,VCE,IBE
BRU,VCE,DAT
BRU,VCE,FOS
BRU,FCO,AZA
BRU,FCO,RYR
BRU,FCO,CHH
BRU,FCO,IBE
BRU,FCO,DAT
BRU,FCO,FOS
BRU,NAP,DAT
BRU,NAP,EZY
BRU,FLR,DAT
BRU,LJU,ADR
BRU,LJU,DAT
BRU,PRG,CSA
BRU,PRG,TVS
BRU,PRG,DAT
BRU,PRG,UAL
BRU,TLV,ELY
BRU,TLV,DAT
BRU,MLA,AMC
BRU,MLA,DAT
BRU,VIE,AUA
BRU,VIE,DAT
BRU,FAO,DAT
BRU,FAO,TAP
BRU,OPO,RYR
BRU,OPO,IBE
BRU,OPO,DAT
BRU,OPO,TAP
BRU,OPO,FOS
BRU,LIS,FIN
BRU,LIS,RYR
BRU,LIS,IBE
BRU,LIS,DAT
BRU,LIS,THA
BRU,LIS,TAP
BRU,LIS,USA
BRU,LIS,FOS
BRU,OTP,ROT
BRU,OTP,DAT
BRU,GVA,CHH
BRU,GVA,SWR
BRU,GVA,DAT
BRU,GVA,EZY
BRU,ZRH,SWR
BRU,ZRH,DAT
BRU,AYT,PGT
BRU,IST,THY
BRU,ADB,PGT
BRU,BEY,MEA
BRU,AUH,BTI
BRU,AUH,ETD
BRU,AUH,DAT
BRU,DOH,QTR
BRU,KBP,AUI
BRU,KBP,DAT
BRU,SVO,AFL
BRU,BOM,JAI
BRU,BOM,DAT
BRU,DEL,JAI
BRU,DEL,DAT
BRU,PEK,CHH
BRU,PEK,DAT
BRU,EWR,JAI
BRU,EWR,ETD
BRU,EWR,DLH
BRU,EWR,DAT
BRU,EWR,UAL
BRU,ATL,AFR
BRU,ATL,DAL
BRU,ATL,KLM
BRU,IAD,DLH
BRU,IAD,DAT
BRU,IAD,UAL
BRU,PHL,AAL
BRU,PHL,USA
BRU,JFK,AFR
BRU,JFK,DAL
BRU,JFK,KLM
BRU,JFK,DLH
BRU,JFK,DAT
BRU,JFK,UAL
BRU,ORD,DAT
BRU,ORD,UAL
BRU,BKK,DAT
BRU,BKK,THA
BRU,ATH,AEE
BRU,ATH,DAT
BRU,ATH,USA
BRU,RIX,BTI
BRU,RIX,DAT
BRU,VNO,BTI
BRU,VNO,DLH
BRU,VNO,DAT
BRU,PMI,RYR
BRU,PMI,IBE
BRU,PMI,FOS
BRU,DME,DAT
BRU,BSL,SWR
BRU,BSL,DAT
BRU,BSL,EZY
BRU,NSI,DLH
BRU,NSI,SWR
BRU,NSI,DAT
BRU,NSI,UAL
BRU,BJV,PGT
BRU,SAW,THY
BRU,NDR,RAM
BRU,AOE,THY
CRL,MAN,RYR
CRL,EDI,RYR
CRL,DUB,RYR
CRL,RYG,RYR
CRL,KRK,RYR
CRL,WAW,WZZ
CRL,NYO,RYR
CRL,FUE,RYR
CRL,LPA,RYR
CRL,ACE,RYR
CRL,TFS,RYR
CRL,AGA,RYR
CRL,FEZ,RYR
CRL,OUD,RYR
CRL,RBA,RYR
CRL,RAK,RYR
CRL,TNG,RYR
CRL,SOF,WZZ
CRL,PFO,RYR
CRL,PUY,RYR
CRL,ZAD,RYR
CRL,ALC,RYR
CRL,LEI,RYR
CRL,BCN,RYR
CRL,GRO,RYR
CRL,IBZ,RYR
CRL,MAD,RYR
CRL,AGP,RYR
CRL,REU,RYR
CRL,VLC,RYR
CRL,SDR,RYR
CRL,ZAZ,RYR
CRL,SVQ,RYR
CRL,BOD,RYR
CRL,EGC,RYR
CRL,BIQ,RYR
CRL,RDZ,RYR
CRL,FSC,RYR
CRL,CCF,RYR
CRL,MRS,RYR
CRL,PGF,RYR
CRL,MPL,RYR
CRL,FNI,RYR
CRL,VOL,RYR
CRL,CFU,RYR
CRL,RHO,RYR
CRL,CHQ,RYR
CRL,SKG,RYR
CRL,ZTH,RYR
CRL,BUD,RYR
CRL,BUD,WZZ
CRL,BRI,RYR
CRL,PSR,RYR
CRL,BDS,RYR
CRL,SUF,RYR
CRL,TPS,RYR
CRL,AHO,RYR
CRL,CAG,RYR
CRL,BGY,RYR
CRL,TRN,RYR
CRL,GOA,RYR
CRL,BLQ,RYR
CRL,TSF,RYR
CRL,TRS,RYR
CRL,CIA,RYR
CRL,PSA,RYR
CRL,PEG,RYR
CRL,LJU,WZZ
CRL,FAO,RYR
CRL,OPO,RYR
CRL,CLJ,WZZ
CRL,OTP,WZZ
CRL,SKP,WZZ
CRL,BEG,WZZ
CRL,TGD,RYR
CRL,BTS,RYR
CRL,VNO,RYR
CRL,PMI,RYR
CRL,AOI,RYR
CRL,SAW,PGT
CRL,NDR,RYR
CRL,LRH,RYR
CRL,WMI,RYR
CRL,CIY,RYR
LGG,BIA,AFR
LGG,BIA,CCM
LGG,AJA,AFR
LGG,AJA,CCM
SXF,KEF,BMI
SXF,DJE,TAR
SXF,BRU,EZY
SXF,MAN,EZY
SXF,BRS,EZY
SXF,LPL,EZY
SXF,LTN,EZY
SXF,LGW,EZY
SXF,SEN,EZY
SXF,EMA,RYR
SXF,GLA,EZY
SXF,EDI,EZY
SXF,STN,RYR
SXF,AMS,EZY
SXF,DUB,EIN
SXF,DUB,RYR
SXF,SNN,RYR
SXF,CPH,NAX
SXF,CPH,EZY
SXF,BGO,NAX
SXF,OSL,NAX
SXF,RYG,RYR
SXF,TRD,NAX
SXF,SVG,NAX
SXF,ARN,NAX
SXF,FUE,CFG
SXF,LPA,CFG
SXF,LPA,NAX
SXF,ACE,CFG
SXF,TFS,CFG
SXF,TFS,NAX
SXF,TFS,EZY
SXF,AGA,EZY
SXF,RAK,EZY
SXF,CAI,MSR
SXF,SOF,EZY
SXF,LCA,CFG
SXF,BCN,NAX
SXF,BCN,EZY
SXF,XRY,CFG
SXF,MAD,EZY
SXF,AGP,EZY
SXF,LYS,EZY
SXF,NCE,EZY
SXF,ORY,EZY
SXF,HER,CFG
SXF,HER,EZY
SXF,KGS,CFG
SXF,CFU,CFG
SXF,RHO,CFG
SXF,SKG,EZY
SXF,BUD,EZY
SXF,CAG,EZY
SXF,OLB,EZY
SXF,MXP,EZY
SXF,BGY,RYR
SXF,VCE,EZY
SXF,FCO,EZY
SXF,NAP,EZY
SXF,PSA,EZY
SXF,TLV,ISR
SXF,TLV,ELY
SXF,TLV,EZY
SXF,SZG,EZY
SXF,LIS,TAP
SXF,LIS,EZY
SXF,GVA,EZY
SXF,AYT,CFG
SXF,AYT,GMI
SXF,DLM,CFG
SXF,SKP,GMI
SXF,BEY,GMI
SXF,LED,AFL
SXF,MSQ,BRU
SXF,SVO,AFL
SXF,ATH,EZY
SXF,PMI,CFG
SXF,PMI,EZY
SXF,BSL,EZY
SXF,SAW,BER
SXF,SAW,PGT
SXF,NBE,TAR
DRS,FRA,DLH
DRS,CGN,GWI
DRS,DUS,GWI
DRS,DUS,BER
DRS,MUC,DLH
DRS,STR,GWI
DRS,LCY,AFR
DRS,LCY,BCY
DRS,TFS,BER
DRS,HRG,BER
DRS,BCN,IBE
DRS,BCN,FOS
DRS,HER,BER
DRS,CFU,GWI
DRS,RHO,BER
DRS,ZRH,ISK
DRS,AYT,BER
DRS,AYT,GMI
DRS,SVO,AFL
DRS,PMI,BER
DRS,BSL,EZY
DRS,NBE,BER
ERF,LGW,GMI
ERF,FUE,GMI
ERF,LPA,GMI
ERF,TFS,GMI
ERF,AYT,GMI
ERF,PMI,GMI
FRA,KEF,ICE
FRA,YHZ,CFG
FRA,YOW,ACA
FRA,YOW,DLH
FRA,YUL,ACA
FRA,YUL,DLH
FRA,YVR,ACA
FRA,YVR,CFG
FRA,YVR,DLH
FRA,YYC,ACA
FRA,YYC,DLH
FRA,YYC,TSC
FRA,YYZ,ACA
FRA,YYZ,DLH
FRA,ALG,DAH
FRA,ALG,DLH
FRA,ACC,DLH
FRA,ABV,DLH
FRA,LOS,DLH
FRA,LOS,DAT
FRA,LOS,UAL
FRA,TUN,DLH
FRA,TUN,TAR
FRA,DJE,CFG
FRA,DJE,TAR
FRA,BRU,ETH
FRA,BRU,DLH
FRA,BRU,DAT
FRA,DRS,DLH
FRA,FMO,DLH
FRA,HAM,DLH
FRA,DUS,ETH
FRA,DUS,DLH
FRA,MUC,ETH
FRA,MUC,DLH
FRA,NUE,DLH
FRA,LEJ,DLH
FRA,STR,DLH
FRA,TXL,BER
FRA,TXL,ETH
FRA,TXL,CHH
FRA,TXL,DLH
FRA,HAJ,DLH
FRA,BRE,DLH
FRA,FDH,DLH
FRA,GWT,DLH
FRA,TLL,DLH
FRA,HEL,BER
FRA,HEL,FIN
FRA,HEL,ETH
FRA,HEL,DLH
FRA,HEL,SAS
FRA,BHX,DLH
FRA,MAN,DLH
FRA,GCI,BER
FRA,LCY,BER
FRA,LCY,BAW
FRA,LCY,DLH
FRA,LHR,AAL
FRA,LHR,BER
FRA,LHR,BAW
FRA,LHR,DLH
FRA,ABZ,DLH
FRA,EDI,DLH
FRA,AMS,ETH
FRA,AMS,KLM
FRA,AMS,DLH
FRA,AMS,CES
FRA,DUB,EIN
FRA,DUB,DLH
FRA,BLL,DLH
FRA,BLL,SAS
FRA,CPH,CCA
FRA,CPH,ETH
FRA,CPH,DLH
FRA,CPH,SAS
FRA,LUX,LGL
FRA,BGO,DLH
FRA,BGO,SAS
FRA,OSL,ETH
FRA,OSL,DLH
FRA,OSL,SAS
FRA,SVG,DLH
FRA,SVG,SAS
FRA,GDN,DLH
FRA,GDN,LOT
FRA,KRK,DLH
FRA,KRK,LOT
FRA,KTW,DLH
FRA,KTW,LOT
FRA,POZ,DLH
FRA,POZ,LOT
FRA,RZE,DLH
FRA,WAW,ETH
FRA,WAW,DLH
FRA,WAW,LOT
FRA,WRO,DLH
FRA,WRO,LOT
FRA,GOT,ETH
FRA,GOT,DLH
FRA,GOT,SAS
FRA,ARN,ETH
FRA,ARN,DLH
FRA,ARN,SAS
FRA,JNB,DLH
FRA,JNB,SAA
FRA,JNB,USA
FRA,MRU,CFG
FRA,LAD,DLH
FRA,SEZ,CFG
FRA,FUE,CFG
FRA,FUE,HLX
FRA,SPC,CFG
FRA,LPA,CFG
FRA,LPA,HLX
FRA,ACE,CFG
FRA,ACE,HLX
FRA,TFS,CFG
FRA,TFS,HLX
FRA,AGA,CFG
FRA,CMN,RAM
FRA,CMN,DLH
FRA,BVC,HLX
FRA,ADD,ETH
FRA,ADD,DLH
FRA,CAI,DLH
FRA,CAI,MSR
FRA,HRG,CFG
FRA,MBA,CFG
FRA,TIA,ADR
FRA,SOF,LZB
FRA,SOF,DLH
FRA,LCA,ACA
FRA,LCA,CYP
FRA,LCA,DLH
FRA,DBV,CFG
FRA,DBV,DLH
FRA,DBV,CTN
FRA,PUY,DLH
FRA,PUY,CTN
FRA,SPU,CFG
FRA,SPU,DLH
FRA,SPU,CTN
FRA,ZAG,DLH
FRA,ZAG,CTN
FRA,ZAD,DLH
FRA,ZAD,CTN
FRA,ALC,BER
FRA,BIO,DLH
FRA,BCN,ETH
FRA,BCN,IBE
FRA,BCN,DLH
FRA,BCN,FOS
FRA,IBZ,BER
FRA,IBZ,CFG
FRA,IBZ,DLH
FRA,XRY,CFG
FRA,XRY,HLX
FRA,MAD,BER
FRA,MAD,FIN
FRA,MAD,ETH
FRA,MAD,IBE
FRA,MAD,LAN
FRA,MAD,DLH
FRA,MAD,AEA
FRA,MAD,HVN
FRA,AGP,DLH
FRA,MAH,HLX
FRA,VLC,ACA
FRA,VLC,DLH
FRA,TLS,ETH
FRA,TLS,DLH
FRA,BIA,DLH
FRA,LYS,ETH
FRA,LYS,DLH
FRA,LYS,SIA
FRA,MRS,ETH
FRA,MRS,DLH
FRA,NCE,DLH
FRA,MPL,DLH
FRA,CDG,AFR
FRA,CDG,DLH
FRA,HER,AEE
FRA,HER,CFG
FRA,HER,DLH
FRA,HER,HLX
FRA,KGS,CFG
FRA,KGS,HLX
FRA,CFU,BER
FRA,CFU,CFG
FRA,CFU,HLX
FRA,RHO,CFG
FRA,RHO,HLX
FRA,GPA,HLX
FRA,CHQ,CFG
FRA,SKG,AEE
FRA,SKG,DLH
FRA,SKG,USA
FRA,BUD,ETH
FRA,BUD,DLH
FRA,CTA,BER
FRA,CTA,ISS
FRA,PMO,DLH
FRA,OLB,DLH
FRA,MXP,ETH
FRA,MXP,DLH
FRA,TRN,DLH
FRA,LIN,AZA
FRA,LIN,DLA
FRA,LIN,DLH
FRA,LIN,DAT
FRA,BLQ,DLH
FRA,VRN,DLA
FRA,VRN,DLH
FRA,VCE,DLH
FRA,FCO,AZA
FRA,FCO,BBC
FRA,FCO,DLH
FRA,NAP,ACA
FRA,NAP,DLH
FRA,FLR,DLH
FRA,LJU,ADR
FRA,LJU,DLH
FRA,PRG,ETH
FRA,PRG,DLH
FRA,PRG,CSA
FRA,PRG,TVS
FRA,TLV,DLH
FRA,TLV,ELY
FRA,MLA,AMC
FRA,MLA,DLH
FRA,GRZ,DLH
FRA,GRZ,AUA
FRA,INN,DLH
FRA,INN,AUA
FRA,LNZ,DLH
FRA,LNZ,AUA
FRA,SZG,DLH
FRA,SZG,AUA
FRA,VIE,BER
FRA,VIE,ETH
FRA,VIE,NLY
FRA,VIE,DLH
FRA,VIE,AUA
FRA,FAO,DLH
FRA,FAO,TAP
FRA,FAO,HLX
FRA,PDL,RZO
FRA,OPO,DLH
FRA,OPO,TAP
FRA,LIS,ETH
FRA,LIS,DLH
FRA,LIS,RZO
FRA,LIS,TAP
FRA,LIS,USA
FRA,OTP,ETH
FRA,OTP,DLH
FRA,OTP,ROT
FRA,GVA,ETH
FRA,GVA,KAC
FRA,GVA,DLH
FRA,GVA,SWR
FRA,ZRH,ETH
FRA,ZRH,DLH
FRA,ZRH,SWR
FRA,ESB,THY
FRA,AYT,CFG
FRA,AYT,GMI
FRA,AYT,HLX
FRA,AYT,SXS
FRA,IST,DLH
FRA,IST,THY
FRA,IST,USA
FRA,ADB,SXS
FRA,DLM,CFG
FRA,DLM,HLX
FRA,KIV,MLD
FRA,BEG,BER
FRA,BEG,ETD
FRA,BEG,DLH
FRA,BEG,SAS
FRA,TGD,MGX
FRA,PRN,ADR
FRA,PRN,DLH
FRA,PUJ,CFG
FRA,POP,CFG
FRA,SDQ,CFG
FRA,MBJ,CFG
FRA,MEX,DLH
FRA,CUN,CFG
FRA,HAV,CFG
FRA,HOG,CFG
FRA,VRA,CFG
FRA,BAH,GBA
FRA,DMM,DLH
FRA,JED,ACA
FRA,JED,ETH
FRA,JED,DLH
FRA,JED,SAS
FRA,JED,SVA
FRA,JED,UAL
FRA,RUH,DLH
FRA,RUH,SVA
FRA,AMM,BER
FRA,AMM,DLH
FRA,AMM,RJA
FRA,KWI,KAC
FRA,KWI,DLH
FRA,BEY,DLH
FRA,BEY,MEA
FRA,AUH,BER
FRA,AUH,BTI
FRA,AUH,ETD
FRA,AUH,DLH
FRA,AUH,UAL
FRA,DXB,UAE
FRA,DXB,DLH
FRA,DXB,QFA
FRA,MCT,OMA
FRA,DOH,ACA
FRA,DOH,DLH
FRA,DOH,SWR
FRA,DOH,QTR
FRA,DOH,UAL
FRA,DOH,USA
FRA,TPE,CAL
FRA,NRT,JAL
FRA,HND,DLH
FRA,HND,ANA
FRA,GIG,TAM
FRA,GIG,DLH
FRA,GRU,TAM
FRA,GRU,DLH
FRA,REC,CFG
FRA,SSA,CFG
FRA,BOG,AVA
FRA,BOG,DLH
FRA,CCS,DLH
FRA,SJU,CFG
FRA,TAB,CFG
FRA,ALA,DLH
FRA,TSE,KZR
FRA,TSE,DLH
FRA,TSE,UAL
FRA,GYD,AHY
FRA,GYD,DLH
FRA,GYD,UAL
FRA,KBP,DLH
FRA,KBP,AUI
FRA,LED,DLH
FRA,LED,AFL
FRA,MSQ,BRU
FRA,MSQ,DLH
FRA,ASB,TUA
FRA,TAS,UZB
FRA,SVO,AFL
FRA,VKO,DLH
FRA,VKO,TSO
FRA,BOM,AIC
FRA,BOM,DLH
FRA,PNQ,AIC
FRA,PNQ,DLH
FRA,CMB,ALK
FRA,HKG,CPA
FRA,HKG,DLH
FRA,DEL,AIC
FRA,DEL,DLH
FRA,BLR,AIC
FRA,BLR,DLH
FRA,MAA,AIC
FRA,MAA,DLH
FRA,MLE,CFG
FRA,HAN,AZA
FRA,HAN,HVN
FRA,SGN,AZA
FRA,SGN,HVN
FRA,KUL,AAL
FRA,KUL,DLH
FRA,KUL,MAS
FRA,SIN,DLH
FRA,SIN,SIA
FRA,SIN,USA
FRA,PEK,CCA
FRA,PEK,DLH
FRA,NKG,CCA
FRA,NKG,DLH
FRA,CTU,CCA
FRA,CTU,DLH
FRA,PVG,CCA
FRA,PVG,DLH
FRA,PVG,CES
FRA,BOS,DLH
FRA,BOS,UAL
FRA,SFO,DLH
FRA,SFO,ANZ
FRA,SFO,UAL
FRA,LAX,DLH
FRA,LAX,UAL
FRA,EWR,DLH
FRA,EWR,UAL
FRA,IAH,DLH
FRA,IAH,UAL
FRA,MIA,DLH
FRA,MIA,UAL
FRA,SEA,CFG
FRA,SEA,DLH
FRA,SEA,UAL
FRA,DTW,AFR
FRA,DTW,DAL
FRA,DTW,KLM
FRA,DTW,DLH
FRA,DTW,UAL
FRA,DFW,AAL
FRA,DFW,BER
FRA,DFW,FIN
FRA,DFW,BAW
FRA,DFW,IBE
FRA,DFW,DLH
FRA,DFW,MAS
FRA,DFW,UAL
FRA,DFW,USA
FRA,ATL,AFR
FRA,ATL,BAW
FRA,ATL,DAL
FRA,ATL,KLM
FRA,ATL,DLH
FRA,ATL,UAL
FRA,IAD,DLH
FRA,IAD,UAL
FRA,DEN,DLH
FRA,DEN,UAL
FRA,PHL,AAL
FRA,PHL,DLH
FRA,PHL,USA
FRA,JFK,AFR
FRA,JFK,DAL
FRA,JFK,ETH
FRA,JFK,KLM
FRA,JFK,DLH
FRA,JFK,SIA
FRA,JFK,UAL
FRA,JFK,USA
FRA,ORD,DLH
FRA,ORD,UAL
FRA,CLT,AAL
FRA,CLT,USA
FRA,LAS,CFG
FRA,MCO,DLH
FRA,MCO,UAL
FRA,BKK,DLH
FRA,BKK,THA
FRA,ICN,KAL
FRA,ICN,DLH
FRA,ICN,AAR
FRA,ATH,AEE
FRA,ATH,DLH
FRA,NGO,DLH
FRA,NGO,ANA
FRA,RIX,BER
FRA,RIX,BTI
FRA,RIX,DLH
FRA,VNO,ACA
FRA,VNO,DLH
FRA,EZE,DLH
FRA,EBL,DLH
FRA,KIX,DLH
FRA,KIX,ANA
FRA,PMI,BER
FRA,PMI,CFG
FRA,PMI,DLH
FRA,PMI,HLX
FRA,DME,BER
FRA,DME,DLH
FRA,DME,SBI
FRA,BSL,DLH
FRA,BSL,SWR
FRA,BSL,SAS
FRA,NBO,CFG
FRA,OVB,SBI
FRA,FNC,CFG
FRA,FNC,HLX
FRA,WDH,NMB
FRA,KUF,DLH
FRA,SHE,CCA
FRA,SHE,DLH
FRA,GOJ,DLH
FRA,SAW,PGT
FRA,SAW,THY
FRA,IKA,IRA
FRA,IKA,DLH
FRA,HDF,GWI
FRA,NDR,RAM
FRA,NBE,LBT
FRA,NBE,TAR
FMO,FRA,DLH
FMO,MUC,DLH
FMO,GRO,RYR
FMO,IBZ,BER
FMO,AGP,RYR
FMO,CFU,BER
FMO,AYT,BER
FMO,PMI,BER
HAM,DJE,TAR
HAM,BRU,DLH
HAM,BRU,DAT
HAM,FRA,DLH
HAM,FRA,HLX
HAM,CGN,GWI
HAM,DUS,BER
HAM,DUS,DLH
HAM,MUC,BER
HAM,MUC,DLH
HAM,NUE,GWI
HAM,NUE,BER
HAM,SCN,LGL
HAM,SCN,DLH
HAM,STR,GWI
HAM,STR,BER
HAM,FDH,ISK
HAM,GWT,AWU
HAM,HEL,BER
HAM,HEL,FIN
HAM,BHX,GWI
HAM,MAN,GWI
HAM,MAN,EZY
HAM,LTN,EZY
HAM,LGW,EZY
HAM,LHR,GWI
HAM,LHR,AAL
HAM,LHR,BER
HAM,LHR,BAW
HAM,EDI,EZY
HAM,AMS,GWI
HAM,AMS,AZA
HAM,AMS,DAL
HAM,AMS,EWG
HAM,AMS,KLM
HAM,DUB,EIN
HAM,CPH,SAS
HAM,CPH,EZY
HAM,BGO,GWI
HAM,OSL,GWI
HAM,OSL,NAX
HAM,WAW,DLH
HAM,WAW,LOT
HAM,ARN,GWI
HAM,ARN,SAS
HAM,FUE,BER
HAM,FUE,CFG
HAM,LPA,BER
HAM,LPA,CFG
HAM,LPA,NAX
HAM,ACE,BER
HAM,ACE,CFG
HAM,TFS,BER
HAM,TFS,CFG
HAM,TFS,NAX
HAM,HRG,CFG
HAM,DBV,GWI
HAM,RJK,GWI
HAM,SPU,GWI
HAM,ALC,BER
HAM,ALC,NAX
HAM,BCN,GWI
HAM,BCN,NAX
HAM,BCN,IBE
HAM,BCN,FOS
HAM,IBZ,BER
HAM,XRY,CFG
HAM,MAD,GWI
HAM,AGP,BER
HAM,AGP,NAX
HAM,AGP,IBE
HAM,AGP,FOS
HAM,MAH,HLX
HAM,TLS,GWI
HAM,TLS,AFR
HAM,BIA,GWI
HAM,NCE,GWI
HAM,NCE,EZY
HAM,CDG,GWI
HAM,CDG,AFR
HAM,CDG,AZA
HAM,HER,GWI
HAM,HER,BER
HAM,HER,CFG
HAM,HER,HLX
HAM,KGS,BER
HAM,KGS,CFG
HAM,CFU,BER
HAM,CFU,CFG
HAM,RHO,CFG
HAM,SKG,GWI
HAM,SKG,BER
HAM,BUD,GWI
HAM,CTA,GWI
HAM,CTA,EZY
HAM,OLB,GWI
HAM,OLB,BER
HAM,OLB,ISS
HAM,MXP,GWI
HAM,MXP,EZY
HAM,VRN,GWI
HAM,VCE,GWI
HAM,VCE,EZY
HAM,FCO,GWI
HAM,FCO,EZY
HAM,NAP,GWI
HAM,NAP,EZY
HAM,PRG,GWI
HAM,PRG,CSA
HAM,PRG,TVS
HAM,MLA,AMC
HAM,SZG,BER
HAM,SZG,FIN
HAM,VIE,GWI
HAM,VIE,BER
HAM,VIE,DLH
HAM,VIE,AUA
HAM,FAO,GWI
HAM,FAO,BER
HAM,LIS,DLH
HAM,LIS,TAP
HAM,GVA,GWI
HAM,ZRH,GWI
HAM,ZRH,DLH
HAM,ZRH,SWR
HAM,AYT,BER
HAM,AYT,CFG
HAM,AYT,THY
HAM,AYT,HLX
HAM,AYT,SXS
HAM,IST,THY
HAM,ADB,THY
HAM,ADB,SXS
HAM,DLM,CFG
HAM,PRN,GWI
HAM,DXB,UAE
HAM,DXB,QFA
HAM,LED,AFL
HAM,SVO,AFL
HAM,EWR,DLH
HAM,EWR,UAL
HAM,ATH,EZY
HAM,RIX,BER
HAM,RIX,BTI
HAM,FMM,GWI
HAM,PMI,GWI
HAM,PMI,BER
HAM,PMI,CFG
HAM,PMI,EZY
HAM,BSL,DLH
HAM,BSL,SWR
HAM,BSL,EZY
HAM,FNC,CFG
HAM,FKB,GWI
HAM,SAW,GWI
HAM,KLU,GWI
HAM,KLU,AUA
HAM,IKA,IRA
HAM,NBE,TAR
CGN,ALG,GWI
CGN,TUN,GWI
CGN,DRS,GWI
CGN,HAM,GWI
CGN,MUC,BER
CGN,MUC,DLH
CGN,MUC,HLX
CGN,LEJ,GWI
CGN,TXL,GWI
CGN,TXL,BER
CGN,TXL,FIN
CGN,TXL,BAW
CGN,TXL,CHH
CGN,FDH,GWI
CGN,BHX,BEE
CGN,MAN,GWI
CGN,LGW,EZY
CGN,LHR,GWI
CGN,EDI,GWI
CGN,STN,GWI
CGN,AMS,AZA
CGN,AMS,KLM
CGN,DUB,GWI
CGN,OSL,NAX
CGN,GDN,WZZ
CGN,KTW,WZZ
CGN,WAW,GWI
CGN,ARN,GWI
CGN,RLG,GWI
CGN,FUE,BER
CGN,FUE,HLX
CGN,LPA,GWI
CGN,LPA,BER
CGN,LPA,NAX
CGN,LPA,HLX
CGN,ACE,BER
CGN,TFS,BER
CGN,TFS,NAX
CGN,TFS,RYR
CGN,TFS,HLX
CGN,RAK,GWI
CGN,BVC,HLX
CGN,HRG,BER
CGN,DBV,GWI
CGN,PUY,GWI
CGN,RJK,GWI
CGN,SPU,GWI
CGN,ZAG,GWI
CGN,ZAD,GWI
CGN,ALC,NAX
CGN,BCN,GWI
CGN,GRO,RYR
CGN,IBZ,GWI
CGN,IBZ,BER
CGN,XRY,GWI
CGN,AGP,BER
CGN,AGP,NAX
CGN,AGP,RYR
CGN,MAH,BER
CGN,BIA,GWI
CGN,CLY,GWI
CGN,CLY,BER
CGN,NCE,GWI
CGN,HER,GWI
CGN,HER,HLX
CGN,KGS,GWI
CGN,KGS,BER
CGN,KGS,HLX
CGN,CFU,GWI
CGN,CFU,BER
CGN,KVA,GWI
CGN,JMK,GWI
CGN,RHO,GWI
CGN,RHO,HLX
CGN,JTR,GWI
CGN,SKG,GWI
CGN,BUD,GWI
CGN,BRI,GWI
CGN,SUF,GWI
CGN,CTA,GWI
CGN,PMO,GWI
CGN,CAG,GWI
CGN,OLB,GWI
CGN,OLB,BER
CGN,OLB,ISS
CGN,MXP,GWI
CGN,BLQ,GWI
CGN,VRN,GWI
CGN,VCE,GWI
CGN,FCO,GWI
CGN,NAP,GWI
CGN,PSA,GWI
CGN,PRG,GWI
CGN,TLV,GWI
CGN,SZG,GWI
CGN,SZG,AUA
CGN,VIE,GWI
CGN,VIE,DLH
CGN,VIE,AUA
CGN,FAO,GWI
CGN,FAO,RYR
CGN,LIS,GWI
CGN,SJJ,GWI
CGN,ZRH,GWI
CGN,ZRH,SWR
CGN,ESB,PGT
CGN,AYT,GWI
CGN,AYT,BER
CGN,AYT,CFG
CGN,AYT,HLX
CGN,AYT,SXS
CGN,IST,THY
CGN,ADB,SXS
CGN,SKP,WZZ
CGN,IEV,WAU
CGN,ATH,GWI
CGN,PMI,GWI
CGN,PMI,BER
CGN,PMI,CFG
CGN,PMI,RYR
CGN,PMI,HLX
CGN,DME,SVR
CGN,FNC,HLX
CGN,SAW,GWI
CGN,SAW,BER
CGN,SAW,PGT
CGN,KLU,GWI
CGN,KLU,AUA
CGN,IKA,IRA
CGN,HDF,GWI
CGN,NDR,GWI
CGN,NBE,BER
DUS,TUN,TAR
DUS,DJE,BER
DUS,DJE,CFG
DUS,DJE,TAR
DUS,DRS,GWI
DUS,DRS,BER
DUS,FRA,ETH
DUS,FRA,DLH
DUS,HAM,BER
DUS,HAM,DLH
DUS,MUC,BER
DUS,MUC,DLH
DUS,NUE,GWI
DUS,NUE,BER
DUS,LEJ,GWI
DUS,STR,BER
DUS,TXL,BER
DUS,TXL,CHH
DUS,TXL,DLH
DUS,FDH,ISK
DUS,GWT,BER
DUS,HEL,BER
DUS,HEL,FIN
DUS,BHX,BEE
DUS,BHX,DLH
DUS,MAN,BEE
DUS,MAN,DLH
DUS,NQY,GWI
DUS,CWL,GWI
DUS,GCI,BER
DUS,JER,BER
DUS,LGW,EZY
DUS,LCY,BAW
DUS,LHR,AAL
DUS,LHR,BAW
DUS,LHR,DLH
DUS,LBA,EXS
DUS,NCL,DLH
DUS,GLA,DLH
DUS,STN,BER
DUS,EXT,BEE
DUS,AMS,AZA
DUS,AMS,KLM
DUS,DUB,GWI
DUS,DUB,EIN
DUS,BLL,BAW
DUS,CPH,BER
DUS,CPH,FIN
DUS,CPH,DLH
DUS,CPH,SAS
DUS,LUX,CUA
DUS,LUX,LGL
DUS,OSL,DLH
DUS,OSL,SAS
DUS,KTW,GWI
DUS,POZ,GWI
DUS,WAW,GWI
DUS,WAW,DLH
DUS,WAW,LOT
DUS,WRO,GWI
DUS,GOT,DLH
DUS,ARN,GWI
DUS,ARN,DLH
DUS,ARN,SAS
DUS,FUE,BER
DUS,FUE,CFG
DUS,FUE,HLX
DUS,SPC,BER
DUS,LPA,BER
DUS,LPA,CFG
DUS,LPA,HLX
DUS,ACE,BER
DUS,ACE,CFG
DUS,TFS,BER
DUS,TFS,CFG
DUS,TFS,HLX
DUS,AGA,CFG
DUS,HRG,BER
DUS,HRG,CFG
DUS,HRG,HLX
DUS,LCA,CFG
DUS,DBV,GWI
DUS,DBV,DLH
DUS,DBV,CTN
DUS,SPU,GWI
DUS,SPU,DLH
DUS,SPU,CTN
DUS,ZAD,GWI
DUS,ALC,BER
DUS,BIO,GWI
DUS,BCN,GWI
DUS,BCN,BER
DUS,BCN,IBE
DUS,BCN,FOS
DUS,IBZ,GWI
DUS,IBZ,BER
DUS,IBZ,CFG
DUS,XRY,CFG
DUS,XRY,HLX
DUS,MAD,GWI
DUS,MAD,BER
DUS,MAD,IBE
DUS,AGP,BER
DUS,AGP,DLH
DUS,MAH,BER
DUS,VLC,DLH
DUS,BIA,GWI
DUS,CLY,BER
DUS,LYS,GWI
DUS,NCE,BER
DUS,NCE,DLH
DUS,MPL,GWI
DUS,CDG,AFR
DUS,CDG,AZA
DUS,CDG,DLH
DUS,NTE,RLA
DUS,NTE,AFR
DUS,HER,GWI
DUS,HER,AEE
DUS,HER,BER
DUS,HER,CFG
DUS,HER,GMI
DUS,HER,HLX
DUS,KLX,AEE
DUS,KGS,BER
DUS,KGS,CFG
DUS,KGS,HLX
DUS,CFU,BER
DUS,CFU,CFG
DUS,CFU,HLX
DUS,KVA,BER
DUS,MJT,BER
DUS,PVK,BER
DUS,RHO,BER
DUS,RHO,CFG
DUS,RHO,GMI
DUS,RHO,HLX
DUS,GPA,HLX
DUS,CHQ,CFG
DUS,SMI,BER
DUS,SKG,GWI
DUS,SKG,AEE
DUS,SKG,BER
DUS,SKG,DLH
DUS,ZTH,BER
DUS,BUD,DLH
DUS,BRI,GWI
DUS,SUF,GWI
DUS,CTA,GWI
DUS,CTA,BER
DUS,CTA,ADH
DUS,CTA,FIN
DUS,CTA,AZA
DUS,CTA,ISS
DUS,CAG,GWI
DUS,CAG,BER
DUS,CAG,ISS
DUS,OLB,GWI
DUS,OLB,BER
DUS,OLB,ISS
DUS,MXP,GWI
DUS,MXP,BER
DUS,MXP,ISS
DUS,TRN,GWI
DUS,VCE,GWI
DUS,VCE,BER
DUS,VCE,ISS
DUS,FCO,BER
DUS,FCO,ISS
DUS,FCO,DLH
DUS,NAP,BER
DUS,NAP,ISS
DUS,NAP,DLH
DUS,FLR,BER
DUS,FLR,FIN
DUS,FLR,ISS
DUS,PRG,GWI
DUS,PRG,CSA
DUS,PRG,TVS
DUS,TLV,BER
DUS,MLA,AMC
DUS,MLA,DLH
DUS,GRZ,DLH
DUS,GRZ,AUA
DUS,LNZ,DLH
DUS,LNZ,AUA
DUS,SZG,BER
DUS,SZG,FIN
DUS,VIE,BER
DUS,VIE,DLH
DUS,VIE,AUA
DUS,FAO,BER
DUS,FAO,HLX
DUS,PDL,BER
DUS,LIS,TAP
DUS,OTP,DLH
DUS,GVA,GWI
DUS,ZRH,BER
DUS,ZRH,DLH
DUS,ZRH,SWR
DUS,ESB,PGT
DUS,AYT,BER
DUS,AYT,CFG
DUS,AYT,DLH
DUS,AYT,HLX
DUS,AYT,SXS
DUS,ASR,PGT
DUS,IST,THY
DUS,ADB,PGT
DUS,ADB,SXS
DUS,DLM,CFG
DUS,DLM,HLX
DUS,BEG,BER
DUS,TGD,MGX
DUS,PRN,GWI
DUS,PUJ,BER
DUS,POP,BER
DUS,CUN,BER
DUS,VRA,BER
DUS,AUH,AAL
DUS,AUH,BER
DUS,AUH,ETD
DUS,DXB,UAE
DUS,DXB,QFA
DUS,NRT,DLH
DUS,NRT,ANA
DUS,CUR,BER
DUS,LED,SDM
DUS,LED,DLH
DUS,LED,AFL
DUS,SVO,AFL
DUS,VKO,DLH
DUS,PEK,CCA
DUS,PEK,DLH
DUS,LAX,AAL
DUS,LAX,BER
DUS,EWR,DLH
DUS,EWR,UAL
DUS,MIA,AAL
DUS,MIA,BER
DUS,ATL,AFR
DUS,ATL,DAL
DUS,ATL,KLM
DUS,RSW,AAL
DUS,RSW,BER
DUS,JFK,AAL
DUS,JFK,BER
DUS,ORD,AAL
DUS,ORD,BER
DUS,ORD,FIN
DUS,ORD,BAW
DUS,ORD,IBE
DUS,ORD,DLH
DUS,ORD,UAL
DUS,ORD,USA
DUS,ATH,AEE
DUS,ATH,DLH
DUS,RIX,BER
DUS,RIX,BTI
DUS,EBL,GMI
DUS,PMI,GWI
DUS,PMI,BER
DUS,PMI,CFG
DUS,PMI,HLX
DUS,DME,BER
DUS,DME,SBI
DUS,BSL,GWI
DUS,FNC,BER
DUS,FNC,CFG
DUS,RMF,BER
DUS,AOI,GWI
DUS,SAW,BER
DUS,SAW,PGT
DUS,SAW,THY
DUS,IKA,IRM
DUS,HDF,GWI
DUS,ISU,GMI
DUS,NBE,BER
DUS,NBE,LBT
DUS,NBE,TAR
DUS,ONQ,GMI
MUC,KEF,ICE
MUC,YUL,ACA
MUC,YUL,DLH
MUC,YVR,ACA
MUC,YVR,DLH
MUC,YYZ,ACA
MUC,YYZ,DLH
MUC,TUN,TAR
MUC,DJE,LBT
MUC,DJE,CFG
MUC,DJE,TAR
MUC,BRU,DLH
MUC,BRU,DAT
MUC,DRS,DLH
MUC,FRA,CYP
MUC,FRA,ETH
MUC,FRA,DLH
MUC,FMO,DLH
MUC,HAM,BER
MUC,HAM,DLH
MUC,CGN,BER
MUC,CGN,DLH
MUC,DUS,BER
MUC,DUS,DLH
MUC,DUS,HLX
MUC,NUE,DLH
MUC,LEJ,DLH
MUC,STR,DLH
MUC,TXL,BER
MUC,TXL,CHH
MUC,TXL,DLH
MUC,HAJ,DLH
MUC,BRE,DLH
MUC,PAD,DLH
MUC,DTM,GWI
MUC,DTM,DLH
MUC,GWT,BER
MUC,GWT,DLH
MUC,HEL,BER
MUC,HEL,FIN
MUC,HEL,DLH
MUC,HEL,SAS
MUC,BHX,DLH
MUC,MAN,DLH
MUC,MAN,SAA
MUC,MAN,SIA
MUC,MAN,EZY
MUC,MAN,VOZ
MUC,MAN,VIR
MUC,LGW,EZY
MUC,LHR,AAL
MUC,LHR,BER
MUC,LHR,BAW
MUC,LHR,DLH
MUC,EDI,EZY
MUC,STN,EZY
MUC,AMS,KLM
MUC,AMS,DLH
MUC,RTM,DLH
MUC,ORK,EIN
MUC,DUB,EIN
MUC,DUB,DLH
MUC,BLL,BAW
MUC,CPH,DLH
MUC,CPH,SAS
MUC,LUX,LGL
MUC,LUX,DLH
MUC,OSL,NAX
MUC,OSL,DLH
MUC,OSL,SAS
MUC,GDN,DLH
MUC,GDN,LOT
MUC,KRK,DLH
MUC,KRK,LOT
MUC,POZ,DLH
MUC,POZ,LOT
MUC,WAW,DLH
MUC,WAW,LOT
MUC,WRO,DLH
MUC,WRO,LOT
MUC,GOT,DLH
MUC,GOT,SAS
MUC,ARN,NAX
MUC,ARN,DLH
MUC,ARN,SAS
MUC,RLG,DLH
MUC,JNB,DLH
MUC,JNB,SAA
MUC,JNB,USA
MUC,FUE,BER
MUC,FUE,CFG
MUC,FUE,HLX
MUC,SPC,CFG
MUC,LPA,BER
MUC,LPA,CFG
MUC,LPA,NAX
MUC,LPA,HLX
MUC,ACE,BER
MUC,ACE,CFG
MUC,TFS,BER
MUC,TFS,CFG
MUC,TFS,NAX
MUC,TFS,HLX
MUC,AGA,CFG
MUC,CMN,RAM
MUC,RAK,RAM
MUC,BVC,HLX
MUC,CAI,DLH
MUC,CAI,MSR
MUC,HRG,CFG
MUC,TIA,DLH
MUC,SOF,ACA
MUC,SOF,DLH
MUC,LCA,CYP
MUC,LCA,DLH
MUC,DBV,DLH
MUC,DBV,CTN
MUC,SPU,DLH
MUC,SPU,CTN
MUC,ZAG,DLH
MUC,ZAG,CTN
MUC,ZAD,DLH
MUC,ZAD,CTN
MUC,ALC,BER
MUC,ALC,NAX
MUC,BIO,DLH
MUC,BCN,IBE
MUC,BCN,DLH
MUC,BCN,FOS
MUC,IBZ,BER
MUC,IBZ,CFG
MUC,XRY,CFG
MUC,XRY,HLX
MUC,MAD,BER
MUC,MAD,IBE
MUC,MAD,DLH
MUC,MAD,ELY
MUC,MAD,SAS
MUC,MAD,AEA
MUC,AGP,BER
MUC,AGP,NAX
MUC,AGP,IBE
MUC,AGP,DLH
MUC,AGP,FOS
MUC,MAH,BER
MUC,VLC,DLH
MUC,TLS,DLH
MUC,LYS,DLH
MUC,MRS,DLH
MUC,NCE,DLH
MUC,CDG,AFR
MUC,CDG,DLH
MUC,HER,AEE
MUC,HER,BER
MUC,HER,CFG
MUC,HER,DLH
MUC,HER,HLX
MUC,KLX,AEE
MUC,KLX,DLH
MUC,KGS,BER
MUC,KGS,CFG
MUC,KGS,HLX
MUC,AOK,BER
MUC,CFU,BER
MUC,CFU,CFG
MUC,CFU,HLX
MUC,KVA,BER
MUC,MJT,BER
MUC,PVK,BER
MUC,RHO,BER
MUC,RHO,CFG
MUC,RHO,HLX
MUC,CHQ,CFG
MUC,SMI,BER
MUC,SKG,AEE
MUC,SKG,BER
MUC,SKG,DLH
MUC,SKG,USA
MUC,ZTH,BER
MUC,BUD,DLH
MUC,BRI,DLA
MUC,BRI,DLH
MUC,BDS,BER
MUC,BDS,ISS
MUC,SUF,DLH
MUC,CTA,BER
MUC,CTA,FIN
MUC,CTA,ISS
MUC,CTA,AMC
MUC,CTA,DLH
MUC,PMO,DLH
MUC,CAG,BER
MUC,CAG,ISS
MUC,CAG,DLH
MUC,OLB,BER
MUC,OLB,ISS
MUC,OLB,DLH
MUC,MXP,DLH
MUC,TRN,DLH
MUC,GOA,DLH
MUC,BLQ,DLH
MUC,TRS,DLH
MUC,VRN,DLA
MUC,VRN,DLH
MUC,VCE,DLA
MUC,VCE,DLH
MUC,FCO,AZA
MUC,FCO,DLH
MUC,EBA,ISK
MUC,NAP,BER
MUC,NAP,ISS
MUC,NAP,DLH
MUC,PSA,DLH
MUC,FLR,DLA
MUC,FLR,DLH
MUC,LJU,ADR
MUC,LJU,DLH
MUC,PRG,DLH
MUC,TLV,BER
MUC,TLV,DLH
MUC,TLV,ELY
MUC,MLA,AMC
MUC,MLA,DLH
MUC,GRZ,DLH
MUC,GRZ,AUA
MUC,VIE,BER
MUC,VIE,NLY
MUC,VIE,DLH
MUC,VIE,AUA
MUC,VIE,RJA
MUC,FAO,BER
MUC,FAO,DLH
MUC,FAO,TAP
MUC,FAO,HLX
MUC,OPO,RZO
MUC,LIS,DLH
MUC,LIS,TAP
MUC,LIS,USA
MUC,SJJ,DLH
MUC,CLJ,DLH
MUC,OTP,DLH
MUC,OTP,ROT
MUC,SBZ,DLH
MUC,SBZ,ROT
MUC,TSR,DLH
MUC,GVA,DLH
MUC,GVA,SWR
MUC,ZRH,DLH
MUC,ZRH,SWR
MUC,ESB,DLH
MUC,AYT,BER
MUC,AYT,CFG
MUC,AYT,HLX
MUC,AYT,SXS
MUC,IST,DLH
MUC,IST,AAR
MUC,IST,THY
MUC,IST,USA
MUC,ADB,DLH
MUC,ADB,SXS
MUC,DLM,CFG
MUC,DLM,HLX
MUC,KIV,DLH
MUC,BEG,DLH
MUC,BEG,SAS
MUC,PRN,ADR
MUC,PRN,DLH
MUC,PUJ,BER
MUC,PUJ,CFG
MUC,MEX,DLH
MUC,RUH,DLH
MUC,AMM,BER
MUC,AMM,RJA
MUC,AUH,BER
MUC,AUH,BTI
MUC,AUH,ETD
MUC,DXB,UAE
MUC,DXB,DLH
MUC,DXB,QFA
MUC,MCT,OMA
MUC,DOH,QTR
MUC,DOH,USA
MUC,HND,DLH
MUC,HND,ANA
MUC,GRU,TAM
MUC,GRU,DLH
MUC,KBP,DLH
MUC,KBP,AUI
MUC,DOK,DLH
MUC,LWO,DLH
MUC,ODS,DLH
MUC,LED,DLH
MUC,LED,AFL
MUC,KRR,SVR
MUC,SVX,SVR
MUC,SVO,AFL
MUC,BOM,AIC
MUC,BOM,DLH
MUC,HKG,DLH
MUC,DEL,AIC
MUC,DEL,DLH
MUC,SIN,SIA
MUC,SIN,USA
MUC,SIN,VOZ
MUC,SIN,VIR
MUC,PEK,CCA
MUC,PEK,DLH
MUC,PVG,CCA
MUC,PVG,DLH
MUC,BOS,DLH
MUC,BOS,UAL
MUC,SFO,DLH
MUC,SFO,UAL
MUC,LAX,DLH
MUC,LAX,UAL
MUC,EWR,DLH
MUC,EWR,UAL
MUC,IAH,UAL
MUC,ATL,AFR
MUC,ATL,DAL
MUC,ATL,KLM
MUC,IAD,DLH
MUC,IAD,UAL
MUC,PHL,AAL
MUC,PHL,USA
MUC,JFK,DLH
MUC,JFK,UAL
MUC,ORD,DLH
MUC,ORD,UAL
MUC,CLT,DLH
MUC,BKK,DLH
MUC,BKK,THA
MUC,ICN,DLH
MUC,ATH,AEE
MUC,ATH,CCA
MUC,ATH,DLH
MUC,ATH,USA
MUC,RIX,BER
MUC,RIX,BTI
MUC,TBS,DLH
MUC,EBL,GMI
MUC,PMI,BER
MUC,PMI,CFG
MUC,PMI,DLH
MUC,PMI,HLX
MUC,DME,BER
MUC,DME,DLH
MUC,DME,SBI
MUC,BSL,DLH
MUC,BSL,SWR
MUC,BSL,SAS
MUC,OVB,SBI
MUC,FNC,BER
MUC,FNC,CFG
MUC,AOI,DLH
MUC,SAW,BER
MUC,SAW,PGT
MUC,SAW,THY
MUC,ISU,GMI
MUC,NBE,BER
MUC,NBE,LBT
MUC,NBE,TAR
NUE,DJE,BER
NUE,FRA,DLH
NUE,HAM,GWI
NUE,HAM,BER
NUE,DUS,GWI
NUE,DUS,BER
NUE,MUC,DLH
NUE,TXL,GWI
NUE,TXL,BER
NUE,TXL,CHH
NUE,STN,RYR
NUE,AMS,KLM
NUE,FUE,BER
NUE,LPA,BER
NUE,TFS,BER
NUE,TFS,HLX
NUE,HRG,BER
NUE,SPU,BER
NUE,ALC,RYR
NUE,BCN,IBE
NUE,BCN,FOS
NUE,IBZ,BER
NUE,AGP,RYR
NUE,CDG,AFR
NUE,CDG,AZA
NUE,HER,BER
NUE,HER,HLX
NUE,KGS,BER
NUE,RHO,BER
NUE,RHO,HLX
NUE,SMI,BER
NUE,SKG,AEE
NUE,SKG,BER
NUE,OLB,BER
NUE,OLB,ISS
NUE,VIE,BER
NUE,ZRH,DLH
NUE,ZRH,SWR
NUE,AYT,BER
NUE,AYT,HLX
NUE,AYT,SXS
NUE,IST,THY
NUE,PMI,BER
NUE,PMI,HLX
NUE,SAW,BER
NUE,SAW,PGT
NUE,ZQW,HLX
NUE,NBE,BER
LEJ,DJE,CFG
LEJ,FRA,DLH
LEJ,CGN,GWI
LEJ,DUS,GWI
LEJ,MUC,DLH
LEJ,STR,GWI
LEJ,BRE,GMI
LEJ,STN,RYR
LEJ,AMS,BBO
LEJ,FUE,BER
LEJ,FUE,CFG
LEJ,LPA,CFG
LEJ,ACE,BER
LEJ,ACE,CFG
LEJ,TFS,BER
LEJ,TFS,CFG
LEJ,AGA,CFG
LEJ,HRG,BER
LEJ,BCN,IBE
LEJ,BCN,FOS
LEJ,CDG,BBO
LEJ,HER,BER
LEJ,HER,CFG
LEJ,KGS,BER
LEJ,CFU,CFG
LEJ,RHO,CFG
LEJ,RHO,HLX
LEJ,VIE,DLH
LEJ,VIE,AUA
LEJ,ZRH,BBO
LEJ,AYT,BER
LEJ,AYT,CFG
LEJ,AYT,GMI
LEJ,AYT,SXS
LEJ,IST,THY
LEJ,PMI,BER
LEJ,PMI,CFG
LEJ,DME,GMI
LEJ,FNC,BER
LEJ,FNC,CFG
SCN,HAM,LGL
SCN,HAM,DLH
SCN,TXL,BER
SCN,TXL,CHH
SCN,TXL,LGL
SCN,TXL,DLH
SCN,LUX,LGL
SCN,LUX,DLH
SCN,PMI,BER
STR,BRU,GWI
STR,DRS,GWI
STR,FRA,DLH
STR,HAM,GWI
STR,HAM,BER
STR,DUS,BER
STR,MUC,DLH
STR,MUC,HLX
STR,LEJ,GWI
STR,TXL,GWI
STR,TXL,BER
STR,TXL,CHH
STR,HAJ,GWI
STR,HAJ,BER
STR,BRE,GWI
STR,GWT,BER
STR,BHX,BEE
STR,JER,BER
STR,LHR,GWI
STR,LHR,AAL
STR,LHR,BER
STR,LHR,BAW
STR,STN,GWI
STR,AMS,KLM
STR,DUB,EIN
STR,CPH,SAS
STR,KRK,GWI
STR,RLG,GWI
STR,FUE,CFG
STR,FUE,HLX
STR,LPA,CFG
STR,LPA,HLX
STR,ACE,CFG
STR,ACE,HLX
STR,TFS,CFG
STR,TFS,HLX
STR,BVC,HLX
STR,DBV,GWI
STR,RJK,GWI
STR,SPU,GWI
STR,ZAG,GWI
STR,ZAD,GWI
STR,ALC,BER
STR,BIO,GWI
STR,BCN,GWI
STR,BCN,IBE
STR,BCN,FOS
STR,IBZ,GWI
STR,IBZ,BER
STR,XRY,CFG
STR,XRY,HLX
STR,AGP,GWI
STR,AGP,BER
STR,MAH,HLX
STR,BIA,GWI
STR,CDG,AFR
STR,CDG,AZA
STR,HER,GWI
STR,HER,CFG
STR,HER,HLX
STR,KGS,CFG
STR,KGS,HLX
STR,CFU,GWI
STR,CFU,HLX
STR,KVA,GWI
STR,RHO,CFG
STR,RHO,HLX
STR,SKG,GWI
STR,SKG,AEE
STR,SKG,BER
STR,SKG,DLH
STR,BUD,GWI
STR,BRI,GWI
STR,BDS,GWI
STR,SUF,GWI
STR,CTA,GWI
STR,CTA,BER
STR,CTA,ADH
STR,CTA,AZA
STR,CTA,ISS
STR,CAG,GWI
STR,OLB,GWI
STR,OLB,BER
STR,OLB,ISS
STR,MXP,GWI
STR,VCE,BER
STR,VCE,ISS
STR,FCO,GWI
STR,NAP,GWI
STR,NAP,BER
STR,NAP,ISS
STR,FLR,BER
STR,FLR,ISS
STR,GRZ,DLH
STR,GRZ,AUA
STR,VIE,GWI
STR,VIE,DLH
STR,VIE,AUA
STR,FAO,GWI
STR,FAO,HLX
STR,LIS,GWI
STR,SJJ,GWI
STR,GVA,BBO
STR,ZRH,DLH
STR,ZRH,SWR
STR,ESB,PGT
STR,AYT,BER
STR,AYT,CFG
STR,AYT,HLX
STR,AYT,SXS
STR,IST,THY
STR,ADB,PGT
STR,ADB,SXS
STR,DLM,CFG
STR,DLM,HLX
STR,BEG,GWI
STR,BEG,BER
STR,PRN,GWI
STR,SVO,AFL
STR,EWR,DLH
STR,EWR,UAL
STR,ATL,AFR
STR,ATL,DAL
STR,ATL,KLM
STR,ATH,GWI
STR,PMI,GWI
STR,PMI,BER
STR,PMI,CFG
STR,PMI,HLX
STR,FNC,CFG
STR,FNC,HLX
STR,SAW,GWI
STR,SAW,BER
STR,SAW,PGT
STR,HDF,GWI
TXL,BRU,CHH
TXL,BRU,DLH
TXL,BRU,DAT
TXL,FRA,BER
TXL,FRA,ETH
TXL,FRA,CHH
TXL,FRA,DLH
TXL,CGN,GWI
TXL,CGN,BER
TXL,CGN,CHH
TXL,DUS,BER
TXL,DUS,CHH
TXL,DUS,DLH
TXL,MUC,BER
TXL,MUC,CHH
TXL,MUC,DLH
TXL,NUE,GWI
TXL,NUE,BER
TXL,NUE,CHH
TXL,SCN,BER
TXL,SCN,CHH
TXL,SCN,LGL
TXL,SCN,DLH
TXL,STR,GWI
TXL,STR,BER
TXL,STR,CHH
TXL,FDH,ISK
TXL,GWT,BER
TXL,HEL,GWI
TXL,HEL,BER
TXL,HEL,FIN
TXL,BHX,GWI
TXL,LHR,GWI
TXL,LHR,AAL
TXL,LHR,BER
TXL,LHR,BAW
TXL,AMS,AZA
TXL,AMS,KLM
TXL,EIN,TRA
TXL,CPH,BER
TXL,CPH,RAM
TXL,CPH,FIN
TXL,CPH,CHH
TXL,CPH,DLH
TXL,CPH,SAS
TXL,LUX,LGL
TXL,LUX,DLH
TXL,OSL,BER
TXL,OSL,FIN
TXL,OSL,CHH
TXL,OSL,SAS
TXL,GDN,BER
TXL,KRK,BER
TXL,WAW,BER
TXL,GOT,BER
TXL,GOT,FIN
TXL,GOT,CHH
TXL,UME,SCW
TXL,ARN,BER
TXL,ARN,FIN
TXL,ARN,CHH
TXL,ARN,DLH
TXL,ARN,SAS
TXL,FUE,BER
TXL,LPA,BER
TXL,ACE,BER
TXL,TFS,BER
TXL,HRG,BER
TXL,SOF,BER
TXL,SOF,FIN
TXL,SOF,LZB
TXL,DBV,GWI
TXL,DBV,CTN
TXL,SPU,GWI
TXL,SPU,CTN
TXL,ZAG,DLH
TXL,ZAG,CTN
TXL,ZAD,GWI
TXL,ALC,BER
TXL,BIO,IBE
TXL,BIO,FOS
TXL,BCN,BER
TXL,BCN,IBE
TXL,BCN,DLH
TXL,BCN,FOS
TXL,IBZ,GWI
TXL,IBZ,BER
TXL,MAD,BER
TXL,MAD,IBE
TXL,AGP,GWI
TXL,AGP,BER
TXL,MAH,BER
TXL,BIA,GWI
TXL,MRS,AFR
TXL,NCE,GWI
TXL,CDG,AFR
TXL,CDG,AZA
TXL,CDG,DLH
TXL,ORY,BER
TXL,NTE,TVF
TXL,HER,GWI
TXL,HER,AEE
TXL,HER,BER
TXL,KGS,BER
TXL,CFU,BER
TXL,RHO,BER
TXL,SMI,BER
TXL,SKG,BER
TXL,BUD,BER
TXL,BRI,BER
TXL,BRI,ISS
TXL,CTA,GWI
TXL,CTA,BER
TXL,CTA,ADH
TXL,CTA,FIN
TXL,CTA,AZA
TXL,CTA,ISS
TXL,PMO,ADH
TXL,PMO,AZA
TXL,OLB,BER
TXL,OLB,ISS
TXL,MXP,BER
TXL,MXP,ISS
TXL,LIN,GWI
TXL,BLQ,GWI
TXL,VRN,GWI
TXL,VCE,BER
TXL,VCE,ISS
TXL,FCO,GWI
TXL,FCO,BER
TXL,FCO,ISS
TXL,NAP,BER
TXL,NAP,ISS
TXL,PSA,ADH
TXL,PSA,AZA
TXL,FLR,IBE
TXL,FLR,FOS
TXL,PRG,CSA
TXL,PRG,TVS
TXL,TLV,BER
TXL,TLV,DLH
TXL,MLA,AMC
TXL,GRZ,BER
TXL,SZG,BER
TXL,SZG,FIN
TXL,VIE,GWI
TXL,VIE,BER
TXL,VIE,CHH
TXL,VIE,DLH
TXL,VIE,AUA
TXL,FAO,BER
TXL,SJJ,GWI
TXL,OTP,BER
TXL,OTP,FIN
TXL,ZRH,BER
TXL,ZRH,CHH
TXL,ZRH,DLH
TXL,ZRH,SWR
TXL,AYT,BER
TXL,AYT,GMI
TXL,AYT,SXS
TXL,IST,THY
TXL,ADB,SXS
TXL,BEG,BER
TXL,PRN,GWI
TXL,AMM,BER
TXL,AMM,RJA
TXL,AUH,BER
TXL,AUH,ETD
TXL,DOH,QTR
TXL,KBP,AUI
TXL,LED,BER
TXL,KGD,BER
TXL,KGD,SBI
TXL,SVO,MGL
TXL,SVO,AFL
TXL,VKO,DLH
TXL,PEK,BER
TXL,PEK,CHH
TXL,EWR,DLH
TXL,EWR,UAL
TXL,MIA,AAL
TXL,MIA,BER
TXL,JFK,AAL
TXL,JFK,BER
TXL,ORD,AAL
TXL,ORD,BER
TXL,ATH,AEE
TXL,ATH,DLH
TXL,RIX,BER
TXL,RIX,BTI
TXL,FMM,GWI
TXL,PMI,GWI
TXL,PMI,BER
TXL,DME,BER
TXL,DME,TSO
TXL,FNC,BER
TXL,FKB,BER
TXL,FKB,CHH
TXL,AOI,GWI
TXL,SAW,GWI
TXL,KLU,GWI
TXL,KLU,AUA
TXL,NBE,BER
HAJ,BRU,DLH
HAJ,BRU,DAT
HAJ,BRU,UAL
HAJ,FRA,DLH
HAJ,MUC,DLH
HAJ,STR,GWI
HAJ,STR,BER
HAJ,BHX,BEE
HAJ,MAN,BEE
HAJ,JER,BER
HAJ,LHR,AAL
HAJ,LHR,BER
HAJ,LHR,BAW
HAJ,STN,GWI
HAJ,AMS,AZA
HAJ,AMS,KLM
HAJ,DUB,EIN
HAJ,CPH,SAS
HAJ,FUE,CFG
HAJ,FUE,HLX
HAJ,LPA,HLX
HAJ,ACE,CFG
HAJ,ACE,HLX
HAJ,TFS,HLX
HAJ,BVC,HLX
HAJ,LCA,CFG
HAJ,DBV,GWI
HAJ,SPU,GWI
HAJ,BCN,GWI
HAJ,BCN,IBE
HAJ,BCN,FOS
HAJ,IBZ,BER
HAJ,XRY,HLX
HAJ,AGP,IBE
HAJ,AGP,FOS
HAJ,MAH,HLX
HAJ,CDG,AFR
HAJ,CDG,AZA
HAJ,HER,GWI
HAJ,HER,CFG
HAJ,HER,HLX
HAJ,KGS,CFG
HAJ,KGS,HLX
HAJ,CFU,HLX
HAJ,RHO,CFG
HAJ,RHO,HLX
HAJ,SKG,GWI
HAJ,SKG,AEE
HAJ,SUF,GWI
HAJ,CTA,GWI
HAJ,MXP,GWI
HAJ,VCE,GWI
HAJ,FCO,GWI
HAJ,NAP,GWI
HAJ,VIE,GWI
HAJ,VIE,BER
HAJ,VIE,AUA
HAJ,FAO,HLX
HAJ,ZRH,DLH
HAJ,ZRH,SWR
HAJ,AYT,CFG
HAJ,AYT,HLX
HAJ,AYT,SXS
HAJ,IST,THY
HAJ,ADB,SXS
HAJ,DLM,CFG
HAJ,DLM,HLX
HAJ,PRN,GWI
HAJ,MSQ,BRU
HAJ,SVO,AFL
HAJ,PMI,GWI
HAJ,PMI,BER
HAJ,PMI,CFG
HAJ,PMI,HLX
HAJ,FNC,HLX
HAJ,SAW,GWI
BRE,FRA,DLH
BRE,MUC,DLH
BRE,LEJ,GMI
BRE,STR,GWI
BRE,TLL,RYR
BRE,TMP,RYR
BRE,MAN,RYR
BRE,EDI,RYR
BRE,STN,RYR
BRE,AMS,AZA
BRE,AMS,KLM
BRE,DUB,RYR
BRE,CPH,SAS
BRE,HAU,RYR
BRE,NYO,RYR
BRE,FUE,RYR
BRE,FUE,GMI
BRE,LPA,RYR
BRE,LPA,GMI
BRE,ACE,GMI
BRE,TFS,RYR
BRE,TFS,GMI
BRE,ALC,RYR
BRE,GRO,RYR
BRE,IBZ,GMI
BRE,AGP,RYR
BRE,BZR,RYR
BRE,CDG,AFR
BRE,CDG,AZA
BRE,CFU,RYR
BRE,CHQ,RYR
BRE,SKG,RYR
BRE,BGY,RYR
BRE,TSF,RYR
BRE,VIE,GMI
BRE,FAO,RYR
BRE,OPO,RYR
BRE,AYT,GMI
BRE,IST,THY
BRE,ADB,SXS
BRE,RIX,RYR
BRE,VNO,RYR
BRE,PMI,BER
BRE,PMI,RYR
BRE,PMI,GMI
BRE,FNC,GMI
BRE,NBE,GMI
HHN,TMP,RYR
HHN,EDI,RYR
HHN,STN,RYR
HHN,DUB,RYR
HHN,KIR,RYR
HHN,KTW,WZZ
HHN,ACE,RYR
HHN,TFS,RYR
HHN,FEZ,RYR
HHN,RAK,RYR
HHN,PDV,RYR
HHN,SOF,WZZ
HHN,PUY,RYR
HHN,ZAD,RYR
HHN,ALC,RYR
HHN,GRO,RYR
HHN,IBZ,RYR
HHN,XRY,RYR
HHN,AGP,RYR
HHN,REU,RYR
HHN,SCQ,RYR
HHN,VLC,RYR
HHN,SDR,RYR
HHN,MPL,RYR
HHN,VOL,RYR
HHN,CHQ,RYR
HHN,SKG,RYR
HHN,BUD,WZZ
HHN,BRI,RYR
HHN,PSR,RYR
HHN,SUF,RYR
HHN,TPS,RYR
HHN,AHO,RYR
HHN,CAG,RYR
HHN,BGY,RYR
HHN,TSF,RYR
HHN,CIA,RYR
HHN,PSA,RYR
HHN,FAO,RYR
HHN,OPO,RYR
HHN,LIS,RYR
HHN,SKP,WZZ
HHN,RIX,RYR
HHN,KUN,RYR
HHN,PMI,RYR
HHN,NDR,RYR
HHN,CIY,RYR
XFW,TLS,GMI
LBC,GDN,WZZ
LBC,BGY,RYR
LBC,PSA,RYR
LBC,PMI,RYR
PAD,MUC,DLH
PAD,FUE,CFG
PAD,LPA,CFG
PAD,ACE,CFG
PAD,TFS,CFG
PAD,IBZ,BER
PAD,AYT,BER
PAD,AYT,CFG
PAD,AYT,SXS
PAD,PMI,BER
PAD,PMI,CFG
DTM,MUC,GWI
DTM,MUC,DLH
DTM,LTN,EZY
DTM,STN,RYR
DTM,GDN,WZZ
DTM,KRK,RYR
DTM,KTW,WZZ
DTM,SOF,WZZ
DTM,SPU,GWI
DTM,BCN,IBE
DTM,BCN,FOS
DTM,GRO,RYR
DTM,AGP,RYR
DTM,BUD,WZZ
DTM,AHO,RYR
DTM,FAO,RYR
DTM,OPO,RYR
DTM,CLJ,WZZ
DTM,OTP,WZZ
DTM,TSR,WZZ
DTM,ADB,SXS
DTM,SKP,WZZ
DTM,BEG,WZZ
DTM,IEV,WAU
DTM,LWO,WAU
DTM,VNO,WZZ
DTM,PMI,GWI
DTM,PMI,BER
DTM,PMI,RYR
DTM,SAW,GWI
DTM,SAW,SXS
DTM,HDF,GWI
DTM,ONQ,GMI
AGB,MRS,GMI
FDH,FRA,DLH
FDH,HAM,ISK
FDH,CGN,GWI
FDH,DUS,ISK
FDH,TXL,ISK
FDH,ZAD,ISK
FDH,IBZ,BER
FDH,OLB,ISK
FDH,EBA,ISK
FDH,AYT,GMI
FDH,IST,THY
FDH,PMI,BER
FDH,PMI,GMI
KSF,AYT,GMI
KSF,PMI,GMI
GWT,FRA,DLH
GWT,HAM,AWU
GWT,DUS,BER
GWT,MUC,BER
GWT,MUC,DLH
GWT,STR,BER
GWT,TXL,BER
GWT,ZRH,BER
TLL,BRU,ELL
TLL,BRU,DAT
TLL,FRA,DLH
TLL,BRE,RYR
TLL,HEL,FIN
TLL,MAN,RYR
TLL,LGW,EZY
TLL,STN,RYR
TLL,AMS,KLM
TLL,AMS,ELL
TLL,CPH,ELL
TLL,CPH,SAS
TLL,OSL,NAX
TLL,OSL,ELL
TLL,OSL,SAS
TLL,RYG,RYR
TLL,TRD,ELL
TLL,TRD,SAS
TLL,WAW,LOT
TLL,ARN,ELL
TLL,ARN,SAS
TLL,SPU,ELL
TLL,GRO,RYR
TLL,NCE,ELL
TLL,BGY,RYR
TLL,IST,THY
TLL,KBP,ELL
TLL,LED,ELL
TLL,SVO,ELL
TLL,SVO,AFL
TLL,RIX,BTI
TLL,VNO,ELL
TLL,VNO,THY
TAY,HEL,FIN
TAY,HEL,BEE
HEL,KEF,FIN
HEL,KEF,ICE
HEL,BRU,FIN
HEL,FRA,BER
HEL,FRA,FIN
HEL,FRA,ETH
HEL,FRA,DLH
HEL,FRA,SAS
HEL,HAM,BER
HEL,HAM,FIN
HEL,DUS,BER
HEL,DUS,FIN
HEL,MUC,BER
HEL,MUC,FIN
HEL,MUC,DLH
HEL,MUC,SAS
HEL,TXL,GWI
HEL,TXL,BER
HEL,TXL,FIN
HEL,TLL,FIN
HEL,TAY,FIN
HEL,TAY,BEE
HEL,IVL,FIN
HEL,JOE,FIN
HEL,JYV,FIN
HEL,JYV,BEE
HEL,KEM,FIN
HEL,KEM,BEE
HEL,KAJ,FIN
HEL,KAJ,BEE
HEL,KOK,FIN
HEL,KOK,BEE
HEL,KAO,FIN
HEL,KUO,FIN
HEL,MHQ,FIN
HEL,MHQ,BEE
HEL,OUL,FIN
HEL,OUL,NAX
HEL,RVN,FIN
HEL,RVN,NAX
HEL,SVL,FIN
HEL,SVL,BEE
HEL,TMP,FIN
HEL,TKU,FIN
HEL,VAA,FIN
HEL,MAN,AAL
HEL,MAN,FIN
HEL,MAN,BAW
HEL,LGW,NAX
HEL,LHR,AAL
HEL,LHR,FIN
HEL,LHR,BAW
HEL,LHR,MAS
HEL,AMS,FIN
HEL,AMS,AZA
HEL,AMS,KLM
HEL,DUB,NAX
HEL,CPH,FIN
HEL,CPH,NAX
HEL,CPH,SAS
HEL,OSL,FIN
HEL,OSL,NAX
HEL,OSL,SAS
HEL,GDN,ELO
HEL,KRK,FIN
HEL,WAW,FIN
HEL,WAW,BAW
HEL,GOT,FIN
HEL,ARN,FIN
HEL,ARN,CCA
HEL,ARN,NAX
HEL,ARN,ETH
HEL,ARN,SAS
HEL,BMA,FIN
HEL,BMA,SCW
HEL,NRK,FIN
HEL,NRK,BEE
HEL,BOJ,NAX
HEL,DBV,FIN
HEL,DBV,NAX
HEL,SPU,NAX
HEL,ALC,NAX
HEL,BCN,FIN
HEL,BCN,NAX
HEL,BCN,IBE
HEL,BCN,FOS
HEL,MAD,FIN
HEL,MAD,IBE
HEL,AGP,FIN
HEL,AGP,NAX
HEL,NCE,FIN
HEL,NCE,NAX
HEL,CDG,AFR
HEL,CDG,FIN
HEL,CDG,MAS
HEL,ORY,NAX
HEL,CHQ,NAX
HEL,BUD,FIN
HEL,BUD,NAX
HEL,MXP,FIN
HEL,FCO,FIN
HEL,FCO,NAX
HEL,LJU,FIN
HEL,PRG,FIN
HEL,PRG,NAX
HEL,PRG,CSA
HEL,TLV,FIN
HEL,VIE,BER
HEL,VIE,FIN
HEL,LIS,FIN
HEL,LIS,TAP
HEL,GVA,FIN
HEL,ZRH,BER
HEL,ZRH,FIN
HEL,AYT,FIN
HEL,IST,SAS
HEL,IST,THY
HEL,ADB,SXS
HEL,NRT,FIN
HEL,NRT,JAL
HEL,KBP,AUI
HEL,LED,FIN
HEL,LED,SBI
HEL,MSQ,FIN
HEL,MSQ,BRU
HEL,SVX,FIN
HEL,SVX,SBI
HEL,SVO,FIN
HEL,SVO,AFL
HEL,HKG,FIN
HEL,DEL,FIN
HEL,SIN,FIN
HEL,PEK,FIN
HEL,PEK,CCA
HEL,XIY,FIN
HEL,CKG,FIN
HEL,PVG,FIN
HEL,PVG,CCA
HEL,JFK,AAL
HEL,JFK,FIN
HEL,JFK,BAW
HEL,JFK,IBE
HEL,BKK,FIN
HEL,ICN,FIN
HEL,ATH,NAX
HEL,NGO,FIN
HEL,NGO,JAL
HEL,RIX,FIN
HEL,RIX,BTI
HEL,VNO,FIN
HEL,VNO,BAW
HEL,KIX,FIN
HEL,KIX,JAL
HEL,PMI,NAX
HEL,DME,FIN
HEL,DME,SBI
HEL,GZP,FIN
IVL,KTT,AFR
IVL,KTT,FIN
JOE,HEL,FIN